Job Name,Description,Serial Number
Artificial Intelligence (AI),"AI focuses on creating systems that can learn, reason, and make decisions. Students study machine learning, neural networks, natural language processing, and robotics. The field powers applications such as virtual assistants, recommendation systems, and autonomous vehicles. AI is one of the fastest-growing areas in technology.",MAJ-000001
Data Science,"Data Science involves collecting, analyzing, and interpreting large datasets. Students learn statistics, programming, data visualization, and predictive modeling. The goal is to extract meaningful insights that support decision-making. Data scientists are in demand across business, healthcare, finance, and government sectors.",MAJ-000002
Cybersecurity,"Cybersecurity focuses on protecting computer systems, networks, and data from threats. Students study cryptography, network security, ethical hacking, and risk management. The field addresses challenges such as cyberattacks, malware, and data breaches. Strong security professionals are essential for organizations worldwide.",MAJ-000003
Software Engineering,"Software Engineering emphasizes the design, development, testing, and maintenance of software systems. Students learn programming, software architecture, project management, and quality assurance. The discipline focuses on building reliable and scalable applications. Graduates often work as software developers, engineers, or technical leads.",MAJ-000004
Computer Networks,"Computer Networks studies how computers communicate and exchange information. Topics include network protocols, wireless communication, cloud infrastructure, and network security. Students learn to design and manage efficient communication systems. Networking knowledge is critical for modern internet and enterprise operations.",MAJ-000005
Cloud Computing,"Cloud Computing focuses on delivering computing services over the internet. Students study virtualization, distributed systems, cloud architecture, and platform management. The field enables scalable storage, processing, and application deployment. Cloud expertise is highly valued by technology companies and enterprises.",MAJ-000006
Human-Computer Interaction (HCI),"HCI explores how people interact with technology and digital interfaces. Students learn user experience design, usability testing, accessibility, and interface development. The goal is to create intuitive and effective products. HCI combines computer science with psychology and design principles.",MAJ-000007
Computer Graphics & Game Development,"This major focuses on creating visual content, animations, and interactive experiences. Students study 3D modeling, rendering, game engines, and graphics programming. The field supports industries such as gaming, film, virtual reality, and simulation. Creativity and technical skills are equally important.",MAJ-000008
Robotics,"Robotics combines computer science, engineering, and artificial intelligence to build intelligent machines. Students learn programming, control systems, sensors, and automation. Robots are used in manufacturing, healthcare, logistics, and exploration. The field continues to expand with advances in AI and automation.",MAJ-000009
Database Systems,"Database Systems focuses on storing, organizing, and managing information efficiently. Students study database design, SQL, data modeling, and distributed databases. The field ensures reliable access to large volumes of data. Database expertise is essential for software applications and enterprise systems.",MAJ-000010
