name;serial_number;issuing_organization_name;description;level;category;products;jobs;validity_duration_months;difficulty;website_url;score;metadata
Certified Android Security Engineer (CASE);CER-000001;;Demonstrates expertise in securing Android applications through vulnerability analysis, reverse engineering, and code review.;;TECHNICAL;Android Security;"Mobile Security Engineer;Penetration Tester;AppSec Analyst;Security Researcher;Android Developer";;ADVANCED;;;
Certified Android Security Researcher (CASR);CER-000002;;Focuses on in-depth Android internals, malware analysis, and exploit development for mobile platforms.;;TECHNICAL;Android OS / Mobile Security;"Security Researcher;Reverse Engineer;Malware Analyst;Mobile Security Expert;Ethical Hacker";;ADVANCED;;;
Certified iOS Security Engineer (CISE);CER-000003;;Focuses on iOS app security, reverse engineering, and mobile threat defense.;;TECHNICAL;iOS / Mobile App Security;"Mobile Security Engineer;Penetration Tester;Security Researcher;App Developer;Threat Analyst";;ADVANCED;;;
Certified iOS Security Researcher (CISR);CER-000004;;Specializes in iOS vulnerability research, exploitation, and patch analysis.;;TECHNICAL;iOS Security;"Security Researcher;Exploit Developer;Mobile Analyst;Reverse Engineer;Bug Hunter";;ADVANCED;;;
Certified Mobile Security Engineer (CMSE);CER-000005;;Focuses on securing Android and iOS mobile environments and applications.;;TECHNICAL;Android / iOS;"Mobile Security Engineer;App Developer;Penetration Tester;Threat Analyst;Security Consultant";;ADVANCED;;;
Offensive Mobile Security Expert (OMSE);CER-000006;;Recognizes advanced expertise in mobile app exploitation, reverse engineering, and secure code review.;;TECHNICAL;Android / iOS;"Mobile Penetration Tester;Security Researcher;Reverse Engineer;Red Team Specialist;App Security Analyst";;EXPERT;;;
ACI Dealing Certificate;CER-000007;;Provides foundational knowledge of financial market operations, instruments, and trading practices. Emphasizes ethics, risk management, and market structure.;;TECHNICAL;Financial markets trading systems;"Dealer;Trader Assistant;Risk Analyst;Treasury Assistant;Banking Analyst";;BEGINNER;;;
ACI Operations Certificate;CER-000008;;Builds understanding of back-office operations in financial markets. Covers trade settlement, reconciliation, and risk control in banking environments.;;TECHNICAL;Financial markets operations systems;"Operations Analyst;Settlement Officer;Risk Controller;Treasury Operations Specialist;Banking Officer";;INTERMEDIATE;;;
Adobe Advertising Cloud DSP Business Practitioner Professional;CER-000009;;This certification focuses on the practical use of Adobe Advertising Cloud for demand-side platform (DSP) operations. It covers campaign management, audience targeting, and performance optimization in digital advertising.;;VENDORPRODUCT;"Adobe Advertising Cloud;DSP Tools";"Digital Advertising Specialist;Campaign Manager;Media Buyer;Digital Marketing Analyst;Programmatic Advertising Expert";;INTERMEDIATE;;;
Adobe Advertising Search Business Practitioner Professional;CER-000010;;This certification emphasizes search advertising strategies and optimization within Adobe Advertising Cloud. It teaches users how to manage search campaigns, analyze performance, and improve ROI.;;VENDORPRODUCT;"Adobe Advertising Cloud;SEM Tools";"Search Engine Marketing (SEM) Specialist;Paid Search Analyst;Digital Advertising Manager;Campaign Analyst;PPC Specialist";;INTERMEDIATE;;;
Adobe Analytics Architect Master;CER-000011;;The Analytics Architect Master certification is for advanced users of Adobe Analytics. It involves in-depth knowledge of data collection, configuration, and architecture to set up and manage analytics implementations.;;VENDORPRODUCT;"Adobe Analytics;Data Integration Tools";"Analytics Architect;Data Integration Specialist;Analytics Consultant;Digital Analyst;Marketing Data Manager";;EXPERT;;;
Adobe Analytics Business Practitioner Expert;CER-000012;;This expert-level certification focuses on leveraging Adobe Analytics for advanced business insights. It includes data analysis, report customization, and optimizing analytics for decision-making in a business context.;;VENDORPRODUCT;"Adobe Analytics;Business Intelligence Tools";"Business Analyst;Marketing Analyst;Data Analyst;Digital Marketing Manager;Performance Analyst";;EXPERT;;;
Adobe Analytics Business Practitioner Professional;CER-000013;;This certification focuses on using Adobe Analytics for business insights and reporting. It includes key skills like setting up reports, creating segments, and analyzing traffic and user behavior for marketing optimization.;;VENDORPRODUCT;"Adobe Analytics;Reporting Tools";"Business Analyst;Digital Marketing Analyst;Marketing Analyst;Data Specialist;Performance Marketing Manager";;INTERMEDIATE;;;
Adobe Analytics Data Analyst Professional;CER-000014;;This certification focuses on the fundamentals of data analysis using Adobe Analytics. It covers data collection, report building, and basic interpretation of user data to help businesses make data-driven decisions.;;VENDORPRODUCT;"Adobe Analytics;Data Analysis Tools";"Data Analyst;Marketing Analyst;Business Intelligence Analyst;Digital Analyst;Web Analyst";;INTERMEDIATE;;;
Adobe Analytics Developer Expert;CER-000015;;The Developer Expert certification covers advanced configuration and customization of Adobe Analytics, focusing on implementation, data collection, and API integrations. Ideal for those working on technical aspects of analytics platforms.;;VENDORPRODUCT;"Adobe Analytics;API Integration Tools";"Analytics Developer;Web Developer;Data Integration Specialist;Technical Consultant;Analytics Engineer";;EXPERT;;;
Adobe Analytics Developer Professional;CER-000016;;This certification focuses on the practical aspects of setting up and customizing Adobe Analytics for tracking and data collection. It’s ideal for developers who implement and maintain analytics solutions.;;VENDORPRODUCT;"Adobe Analytics;Data Collection Tools";"Web Developer;Analytics Developer;Data Integration Specialist;Digital Analyst;Front-End Developer";;INTERMEDIATE;;;
Adobe Audience Manager Architect Master;CER-000017;;This expert-level certification focuses on advanced configurations and architectures in Adobe Audience Manager. It covers data management, audience segmentation, and integration of Adobe solutions to enhance audience targeting.;;VENDORPRODUCT;"Adobe Audience Manager;Data Management Platform";"Audience Manager Architect;Data Architect;Digital Marketing Consultant;Data Integration Specialist;Campaign Manager";;EXPERT;;;
Adobe Audience Manager Business Practitioner Expert;CER-000018;;The Business Practitioner Expert certification focuses on leveraging Adobe Audience Manager for data segmentation, customer insights, and campaign targeting. It emphasizes using data effectively to optimize customer engagement and marketing performance.;;VENDORPRODUCT;"Adobe Audience Manager;Customer Segmentation Tools";"Marketing Analyst;Digital Advertising Specialist;Data Analyst;Campaign Manager;Marketing Manager";;EXPERT;;;
Adobe Audience Manager Business Practitioner Professional;CER-000019;;This certification provides practical knowledge of Adobe Audience Manager for audience data analysis, segmentation, and marketing personalization. It’s ideal for professionals implementing targeted advertising strategies.;;VENDORPRODUCT;"Adobe Audience Manager;Audience Segmentation Tools";"Digital Marketer;Campaign Manager;Audience Analyst;Marketing Specialist;Performance Analyst";;INTERMEDIATE;;;
Adobe Campaign Classic Architect Master;CER-000020;;This advanced certification focuses on the architecture and strategic implementation of Adobe Campaign Classic. It covers data integration, workflow design, and managing marketing automation at scale.;;VENDORPRODUCT;"Adobe Campaign Classic;Marketing Automation Tools";"Campaign Architect;Marketing Automation Specialist;Campaign Manager;Technical Marketing Consultant;Solution Architect";;EXPERT;;;
Adobe Campaign Classic Business Practitioner Expert;CER-000021;;This certification emphasizes the use of Adobe Campaign Classic for campaign management, customer journey mapping, and personalized marketing. It’s geared towards advanced users looking to optimize customer engagement strategies.;;VENDORPRODUCT;"Adobe Campaign Classic;Campaign Management Tools";"Campaign Manager;Marketing Automation Specialist;Digital Campaign Lead;Email Marketing Manager;Marketing Operations Director";;EXPERT;;;
Adobe Campaign Classic Business Practitioner Professional;CER-000022;;This certification focuses on using Adobe Campaign Classic for effective campaign execution, reporting, and analytics. It teaches users how to set up and run targeted email campaigns and measure marketing success.;;VENDORPRODUCT;"Adobe Campaign Classic;Email Campaign Tools";"Campaign Specialist;Email Marketing Manager;Digital Marketing Coordinator;CRM Specialist;Campaign Analyst";;INTERMEDIATE;;;
Adobe Campaign Classic Developer Expert;CER-000023;;The Developer Expert certification covers advanced skills in developing and customizing Adobe Campaign Classic, including integrating data sources, automation, and API-driven workflows.;;VENDORPRODUCT;"Adobe Campaign Classic;API Integration;Workflow Automation";"Campaign Developer;Marketing Automation Developer;Data Integration Specialist;Technical Consultant;API Developer";;EXPERT;;;
Adobe Campaign Classic Developer Professional;CER-000024;;This certification focuses on the practical skills required to develop and customize Adobe Campaign Classic. It includes tasks like creating custom workflows, data imports, and client-specific integrations.;;VENDORPRODUCT;"Adobe Campaign Classic;Data Import Tools";"Campaign Developer;Marketing Automation Developer;CRM Developer;Data Integration Developer;Email Developer";;INTERMEDIATE;;;
Adobe Campaign Developer;CER-000025;;Validates proficiency in designing, implementing, and troubleshooting marketing campaigns using Adobe Campaign.;;VENDORPRODUCT;Adobe Campaign;"Marketing Automation Developer;CRM Engineer;Email Marketing Specialist;Campaign Developer;Marketing Technologist";;INTERMEDIATE;;;
Adobe Campaign Developer Expert;CER-000026;;This expert-level certification dives deep into Adobe Campaign's development environment. It focuses on advanced development tasks such as custom workflows, system integration, and building tailored marketing solutions for large-scale campaigns.;;VENDORPRODUCT;"Adobe Campaign;Custom Workflow Tools";"Marketing Automation Developer;CRM Specialist;Campaign Engineer;Solution Developer;Technical Consultant";;EXPERT;;;
Adobe Campaign Standard Business Practitioner Expert;CER-000027;;This certification targets professionals using Adobe Campaign Standard for building and executing cross-channel campaigns. It focuses on optimizing customer engagement through automation, segmentation, and campaign performance analysis.;;VENDORPRODUCT;"Adobe Campaign Standard;Cross-Channel Marketing";"Campaign Specialist;Marketing Operations Expert;Email Marketing Manager;Digital Campaign Specialist;Marketing Automation Consultant";;EXPERT;;;
Adobe Captivate Certified Professional;CER-000028;;This certification is designed for professionals who use Adobe Captivate to create interactive eLearning content. It covers advanced features like responsive design, multimedia integration, and mobile compatibility.;;VENDORPRODUCT;"Adobe Captivate;eLearning Tools";"eLearning Developer;Instructional Designer;Content Developer;Training Specialist;eLearning Specialist";;ADVANCED;;;
Adobe Certified – SiteCatalyst Processing Rules;CER-000029;;Demonstrates understanding of Adobe Analytics Processing Rules to manipulate and enhance data collection for reporting accuracy.;;VENDORPRODUCT;Adobe Analytics (SiteCatalyst);"Data Analyst;Digital Analytics Specialist;Marketing Technologist;Web Analyst;Tagging Engineer";;INTERMEDIATE;;;
Adobe Certified Business Practitioner – Experience Manager;CER-000030;;Certifies ability to translate business needs into AEM solutions, optimize workflows, and manage digital assets effectively.;;VENDORPRODUCT;Adobe Experience Manager;"Digital Strategist;AEM Consultant;Project Manager;Business Analyst;CMS Administrator";;ADVANCED;;;
Adobe Certified Experience Manager Assets Developer;CER-000031;;Focuses on developing, extending, and integrating AEM Assets to manage and deliver digital content efficiently.;;VENDORPRODUCT;Adobe Experience Manager Assets;"AEM Developer;Web Engineer;CMS Developer;Integration Specialist;Front-End Developer";;INTERMEDIATE;;;
Adobe Certified Experience Manager DevOps Engineer;CER-000032;;Validates expertise in automating, deploying, and maintaining Adobe Experience Manager (AEM) environments through CI/CD, performance tuning, and infrastructure management.;;VENDORPRODUCT;Adobe Experience Manager;"DevOps Engineer;AEM Administrator;Cloud Engineer;Systems Integrator;Site Reliability Engineer";;ADVANCED;;;
Adobe Certified Expert (ACE) – Captivate 5.5;CER-000033;;Demonstrates proficiency in creating eLearning modules, interactive simulations, and assessments using Adobe Captivate 5.5.;;VENDORPRODUCT;Adobe Captivate;"eLearning Developer;Instructional Designer;Training Specialist;Multimedia Producer;Education Technologist";;INTERMEDIATE;;;
Adobe Certified Expert (ACE) – Captivate with eLearning Suite;CER-000034;;Focuses on integrating Captivate with Adobe eLearning Suite tools for developing and managing interactive online training.;;VENDORPRODUCT;Adobe eLearning Suite;"Instructional Designer;Learning Consultant;eLearning Developer;LMS Specialist;Multimedia Designer";;ADVANCED;;;
Adobe Certified Expert (ACE) – ColdFusion 9;CER-000035;;Validates the ability to develop, deploy, and maintain dynamic web applications using Adobe ColdFusion 9.;;VENDORPRODUCT;Adobe ColdFusion;"Web Developer;Application Developer;Software Engineer;Backend Developer;Systems Programmer";;INTERMEDIATE;;;
Adobe Certified Expert (ACE) – Experience Manager 6;CER-000036;;Recognizes proficiency in configuring, customizing, and managing AEM 6 for digital content delivery and web experience management.;;VENDORPRODUCT;Adobe Experience Manager;"AEM Developer;CMS Engineer;Web Application Developer;Technical Consultant;Solutions Architect";;ADVANCED;;;
Adobe Certified Expert (ACE) – Flex 4.5;CER-000037;;Certifies ability to develop rich internet applications (RIAs) using Adobe Flex 4.5 and ActionScript.;;VENDORPRODUCT;Adobe Flex;"Front-End Developer;UI Engineer;Flash/Flex Developer;Software Engineer;Web Application Developer";;INTERMEDIATE;;;
Adobe Certified Expert in InDesign;CER-000038;;Validates proficiency in creating professional print and digital layouts, styles, and templates using Adobe InDesign.;;VENDORPRODUCT;Adobe InDesign;"Graphic Designer;Layout Artist;Publishing Specialist;Print Designer;Marketing Designer";;INTERMEDIATE;;;
Adobe Certified Expert in Photoshop;CER-000039;;Certifies expertise in image editing, retouching, and digital compositing using Adobe Photoshop.;;VENDORPRODUCT;Adobe Photoshop;"Graphic Designer;Photo Editor;Digital Artist;Creative Specialist;Visual Designer";;INTERMEDIATE;;;
Adobe Certified Master;CER-000040;;Recognizes mastery across multiple Adobe Creative Cloud applications, demonstrating comprehensive creative workflow proficiency.;;VENDORPRODUCT;Adobe Creative Cloud;"Senior Designer;Art Director;Creative Lead;Digital Media Specialist;Visual Communication Expert";;EXPERT;;;
Adobe Certified Master – Commerce Architect;CER-000041;;Focuses on designing and implementing scalable Adobe Commerce (Magento) architectures integrating business logic, APIs, and custom modules.;;VENDORPRODUCT;Adobe Commerce (Magento);"Commerce Architect;Solutions Architect;Magento Developer;eCommerce Consultant;Technical Lead";;EXPERT;;;
Adobe Certified Professional in Illustrator;CER-000042;;Demonstrates foundational skills in vector illustration, logo design, and layout creation using Adobe Illustrator.;;VENDORPRODUCT;Adobe Illustrator;"Graphic Designer;Illustrator;Branding Specialist;Visual Designer;Print Artist";;INTERMEDIATE;;;
Adobe Certified Professional in Photoshop;CER-000043;;Recognizes basic proficiency in image editing, correction, and compositing for print and web media.;;VENDORPRODUCT;Adobe Photoshop;"Junior Graphic Designer;Photo Editor;Digital Imaging Assistant;Content Creator;Visual Artist";;INTERMEDIATE;;;
Adobe Certified Professional in Premiere Pro;CER-000044;;Validates ability to edit and produce professional-quality videos using Adobe Premiere Pro.;;VENDORPRODUCT;Adobe Premiere Pro;"Video Editor;Content Producer;Media Specialist;Film Editor;Multimedia Editor";;INTERMEDIATE;;;
Adobe Certified Professional in Video Design;CER-000045;;Demonstrates skill in creating cohesive video projects using Premiere Pro and After Effects workflows.;;VENDORPRODUCT;Adobe Premiere Pro & After Effects;"Video Designer;Multimedia Producer;Video Editor;Content Creator;Post-Production Assistant";;INTERMEDIATE;;;
Adobe Certified Professional in Visual Design;CER-000046;;Certifies understanding of core design principles using Photoshop and Illustrator for digital and print media.;;VENDORPRODUCT;Adobe Photoshop & Illustrator;"Graphic Designer;Creative Assistant;Marketing Designer;Visual Content Creator;Junior Art Director";;INTERMEDIATE;;;
Adobe Certified Professional in Web Design;CER-000047;;Focuses on designing and publishing responsive websites using Adobe Dreamweaver and related web tools.;;VENDORPRODUCT;Adobe Dreamweaver;"Web Designer;Front-End Developer;UI Designer;Digital Media Specialist;Web Content Manager";;INTERMEDIATE;;;
Adobe ColdFusion Certified Professional;CER-000048;;This certification focuses on advanced skills in using Adobe ColdFusion for building dynamic websites and web applications. It includes topics such as data integration, security features, and advanced programming techniques.;;VENDORPRODUCT;"Adobe ColdFusion;Web Development Tools";"Web Developer;ColdFusion Developer;Application Developer;Backend Developer;Full-Stack Developer";;ADVANCED;;;
Adobe Commerce Architect Master;CER-000049;;This expert-level certification focuses on building and scaling Adobe Commerce (Magento) architectures. It covers integration, customizations, and optimizing eCommerce systems for enterprise-level businesses.;;VENDORPRODUCT;"Adobe Commerce (Magento);eCommerce Platforms";"eCommerce Architect;Solution Architect;Systems Integrator;Magento Consultant;Enterprise Architect";;EXPERT;;;
Adobe Commerce Business Practitioner Expert;CER-000050;;This certification focuses on mastering Adobe Commerce for business strategy. It covers advanced knowledge of eCommerce platform management, including marketing, customer experience, and product management strategies.;;VENDORPRODUCT;"Adobe Commerce (Magento);Business Strategy Tools";"eCommerce Manager;Business Analyst;Digital Marketing Manager;Marketing Director;Product Manager";;EXPERT;;;
Adobe Commerce Business Practitioner Professional;CER-000051;;This certification is for professionals looking to deepen their understanding of Adobe Commerce. It covers topics like product catalog management, payment systems, and customer experience optimization.;;VENDORPRODUCT;"Adobe Commerce (Magento);Product Management Tools";"eCommerce Specialist;Business Analyst;Marketing Specialist;Digital Commerce Manager;Product Owner";;ADVANCED;;;
Adobe Commerce Cloud Developer;CER-000052;;Focuses on developing and deploying cloud-based Adobe Commerce solutions. Covers cloud architecture, integration, CI/CD workflows, and performance tuning for scalable e-commerce environments.;;VENDORPRODUCT;Adobe Commerce Cloud;"Cloud E-commerce Developer;Adobe Commerce Architect;DevOps Engineer;Solutions Developer;Technical Consultant";;ADVANCED;;;
Adobe Commerce Developer – Associate;CER-000053;;Designed for developers with foundational knowledge, this certification tests practical skills in Adobe Commerce setup, basic customization, and extension development. It ensures developers can implement standard commerce solutions efficiently.;;VENDORPRODUCT;Adobe Commerce;"Magento Developer;Frontend Developer;Web Developer;Junior E-commerce Developer;Technical Support Engineer";;INTERMEDIATE;;;
Adobe Commerce Developer – Professional Plus;CER-000054;;This certification validates advanced skills in Adobe Commerce development, including complex architecture, custom module development, and performance optimization. Professionals demonstrate deep expertise in designing scalable e-commerce solutions.;;VENDORPRODUCT;Adobe Commerce;"Senior Magento Developer;E-commerce Solutions Architect;Adobe Commerce Consultant;Technical Lead;Web Application Developer";;EXPERT;;;
Adobe Commerce Developer Expert;CER-000055;;This advanced certification is for developers working with Adobe Commerce (Magento). It covers the full scope of development, including customization, plugin development, and system integration.;;VENDORPRODUCT;"Adobe Commerce (Magento);Development Tools";"Magento Developer;eCommerce Developer;Full-Stack Developer;Backend Developer;Solution Developer";;EXPERT;;;
Adobe Commerce Developer Professional;CER-000056;;The Professional-level certification focuses on essential development skills for Adobe Commerce. It includes topics like theme customization, module development, and database management.;;VENDORPRODUCT;"Adobe Commerce (Magento);Web Development Tools";"Magento Developer;eCommerce Developer;Web Developer;Full-Stack Developer;PHP Developer";;ADVANCED;;;
Adobe Commerce Front-End Developer Expert;CER-000057;;This expert-level certification focuses on the front-end aspects of Adobe Commerce (Magento). It includes skills in front-end development, theme customization, and optimizing the user experience across devices.;;VENDORPRODUCT;"Adobe Commerce (Magento);Front-End Development Tools";"Front-End Developer;UX/UI Designer;eCommerce Front-End Developer;Web Developer;Digital Designer";;EXPERT;;;
Adobe Commerce Front-End Developer Professional;CER-000058;;This certification focuses on professional-level front-end development skills for Adobe Commerce. It covers responsive design, theme customization, and integration of third-party tools.;;VENDORPRODUCT;"Adobe Commerce (Magento);Front-End Development Tools";"Front-End Developer;UX/UI Developer;Web Developer;eCommerce Developer;Digital Experience Designer";;ADVANCED;;;
Adobe Connect Pro 7 Certified;CER-000059;;Validates ability to set up, manage, and host online meetings, webinars, and e-learning sessions using Adobe Connect Pro 7.;;VENDORPRODUCT;Adobe Connect;"Virtual Event Producer;LMS Administrator;Technical Trainer;Webinar Specialist;IT Support Engineer";;INTERMEDIATE;;;
Adobe Customer Journey Analytics Business Practitioner Professional;CER-000060;;This certification covers using Adobe Customer Journey Analytics to analyze customer data and optimize marketing strategies. It focuses on understanding and applying analytics to enhance customer journeys across channels.;;VENDORPRODUCT;"Adobe Customer Journey Analytics;Customer Data Tools";"Data Analyst;Marketing Analyst;Customer Experience Specialist;Digital Marketing Manager;Insights Analyst";;ADVANCED;;;
Adobe Customer Journey Analytics Developer Expert;CER-000061;;This certification focuses on advanced technical skills required to integrate and customize Adobe Customer Journey Analytics. It covers data collection, implementation, and custom reporting to enhance customer experience strategies.;;VENDORPRODUCT;"Adobe Customer Journey Analytics;Data Integration Tools";"Data Integration Specialist;Marketing Data Developer;Analytics Developer;Digital Transformation Consultant;Data Engineer";;EXPERT;;;
Adobe Customer Journey Analytics Developer Professional;CER-000062;;This certification covers the core development skills necessary to implement and configure Adobe Customer Journey Analytics. It includes building custom reports, integrating data sources, and analyzing customer journeys.;;VENDORPRODUCT;"Adobe Customer Journey Analytics;Analytics Tools";"Analytics Developer;Data Integration Engineer;Customer Experience Developer;Marketing Analyst;Data Scientist";;ADVANCED;;;
Adobe Document Cloud Business Practitioner Professional;CER-000063;;This certification is for professionals using Adobe Document Cloud to manage document workflows, digital signatures, and document collaboration. It emphasizes optimizing business processes and improving productivity.;;VENDORPRODUCT;"Adobe Document Cloud;Document Workflow Tools";"Document Management Specialist;Workflow Consultant;IT Project Manager;Document Solutions Specialist;Business Process Analyst";;ADVANCED;;;
Adobe Experience Manager Architect Master;CER-000064;;Recognizes expertise in architecting scalable AEM solutions including infrastructure, integration, and customization.;;VENDORPRODUCT;Adobe Experience Manager;"AEM Architect;Solutions Architect;Technical Lead;Systems Integrator;Web Platform Engineer";;EXPERT;;;
Adobe Experience Manager as a Cloud Service Migration Expert;CER-000065;;This certification focuses on migrating and optimizing Adobe Experience Manager (AEM) solutions to Adobe Experience Manager as a Cloud Service. It includes best practices for cloud architecture, data migration, and seamless transitions.;;VENDORPRODUCT;"Adobe Experience Manager;Cloud Service Platforms";"Cloud Architect;AEM Migration Specialist;Cloud Solutions Consultant;Systems Engineer;Digital Experience Architect";;EXPERT;;;
Adobe Experience Manager Assets Developer Professional;CER-000066;;This certification covers advanced skills for managing and developing digital assets within Adobe Experience Manager. It includes creating and optimizing asset workflows, metadata management, and asset-driven marketing strategies.;;VENDORPRODUCT;"Adobe Experience Manager;Digital Asset Management Tools";"AEM Assets Developer;Digital Asset Manager;Web Developer;Content Management Specialist;AEM Developer";;ADVANCED;;;
Adobe Experience Manager Backend Forms Developer Professional;CER-000067;;This certification focuses on backend development skills for managing forms in Adobe Experience Manager. It includes creating dynamic forms, managing form data, and integrating them with enterprise systems.;;VENDORPRODUCT;"Adobe Experience Manager;Backend Development Tools";"AEM Backend Developer;Forms Developer;Web Developer;CMS Developer;Digital Experience Specialist";;ADVANCED;;;
Adobe Experience Manager Business Practitioner Professional;CER-000068;;This certification is designed for professionals focused on business processes within Adobe Experience Manager. It covers content management, site optimization, and user experience strategies in AEM.;;VENDORPRODUCT;"Adobe Experience Manager;Content Management Tools";"Content Manager;Digital Experience Manager;Web Content Specialist;Marketing Manager;AEM Specialist";;ADVANCED;;;
Adobe Experience Manager Developer Expert;CER-000069;;Validates skills in building, configuring, and deploying AEM components, templates, and workflows.;;VENDORPRODUCT;Adobe Experience Manager;"AEM Developer;Web Developer;CMS Engineer;Front-End Developer;Digital Experience Engineer";;INTERMEDIATE;;;
Adobe Experience Manager DevOps Engineer Expert;CER-000070;;The DevOps Engineer Expert certification focuses on the deployment, maintenance, and scalability of Adobe Experience Manager solutions. It covers cloud configurations, continuous integration, and automated deployment processes.;;VENDORPRODUCT;"Adobe Experience Manager;Cloud Infrastructure Tools";"DevOps Engineer;Cloud Infrastructure Engineer;AEM Operations Manager;Site Reliability Engineer;Systems Administrator";;EXPERT;;;
Adobe Experience Manager Digital Librarian Professional;CER-000071;;This certification focuses on managing and organizing digital content within Adobe Experience Manager. It includes tasks such as content curation, metadata management, and content accessibility strategies.;;VENDORPRODUCT;"Adobe Experience Manager;Digital Content Management";"Digital Librarian;Content Manager;Web Content Specialist;Digital Archivist;AEM Content Specialist";;ADVANCED;;;
Adobe Experience Manager Forms Developer Expert;CER-000072;;This certification is for advanced developers specializing in the creation and customization of dynamic forms within Adobe Experience Manager (AEM). It focuses on integrating complex form workflows, data collection, and enterprise system connections.;;VENDORPRODUCT;"Adobe Experience Manager;AEM Forms";"AEM Forms Developer;Web Developer;CMS Developer;Digital Experience Developer;Forms Specialist";;EXPERT;;;
Adobe Experience Manager Sites Architect Master;CER-000073;;This master-level certification focuses on AEM Sites architecture. It covers advanced topics such as site architecture design, scalability, cloud deployment, and integration with third-party systems. It is ideal for those looking to lead AEM Sites implementations.;;VENDORPRODUCT;"Adobe Experience Manager;AEM Sites";"AEM Solutions Architect;Site Architect;Digital Experience Architect;Technical Lead;CMS Architect";;EXPERT;;;
Adobe Experience Manager Sites Business Practitioner Expert;CER-000074;;This certification focuses on using Adobe Experience Manager Sites to create and optimize customer-facing websites and digital content. It includes content management, site optimization, and the effective use of AEM for web content management.;;VENDORPRODUCT;"Adobe Experience Manager;Web Content Management Tools";"Digital Content Manager;Marketing Manager;Content Strategist;AEM Site Specialist;Business Analyst";;EXPERT;;;
Adobe Experience Manager Sites Content Author Professional;CER-000075;;This certification is aimed at professionals who manage content creation and publishing within AEM Sites. It covers content authoring, content governance, and basic site management strategies in AEM.;;VENDORPRODUCT;"Adobe Experience Manager;Content Management Tools";"Content Author;Web Content Specialist;Digital Marketing Specialist;AEM Content Manager;Content Strategist";;ADVANCED;;;
Adobe Experience Manager Sites Developer Expert;CER-000076;;This expert-level certification focuses on advanced development skills for AEM Sites. It includes component development, integration, and customizations for optimizing website performance, scalability, and user experience.;;VENDORPRODUCT;"Adobe Experience Manager;AEM Sites Development";"AEM Developer;Web Developer;Full-Stack Developer;AEM Solutions Developer;Site Developer";;EXPERT;;;
Adobe Experience Manager Sites Developer Professional;CER-000077;;This certification covers key development skills needed for AEM Sites. It focuses on creating and customizing components, templates, and pages to optimize site performance and meet business requirements.;;VENDORPRODUCT;"Adobe Experience Manager;Web Development Tools";"AEM Developer;Web Developer;Front-End Developer;Full-Stack Developer;CMS Developer";;ADVANCED;;;
Adobe Experience Manager Technical Foundations Professional;CER-000078;;This certification provides foundational knowledge of Adobe Experience Manager, including core concepts such as content management, workflows, and site architecture. It is ideal for individuals new to AEM.;;VENDORPRODUCT;"Adobe Experience Manager;CMS Tools";"AEM Developer;CMS Developer;Digital Marketing Specialist;Web Developer;Technical Consultant";;ADVANCED;;;
Adobe Firefly Services Qualified Credential (Beta);CER-000079;;This is a beta certification focused on Adobe Firefly, Adobe's generative AI platform. It covers the basics of using Firefly for content creation, AI-driven marketing, and automating workflows with Adobe tools.;;VENDORPRODUCT;"Adobe Firefly;AI Tools";"Digital Content Creator;AI Specialist;Marketing Specialist;Automation Expert;Data Scientist";;BEGINNER;;;
Adobe Journey Optimizer Business Practitioner Professional;CER-000080;;This certification focuses on the use of Adobe Journey Optimizer for orchestrating personalized customer journeys. It covers strategies for optimizing marketing workflows and improving customer engagement across channels.;;VENDORPRODUCT;"Adobe Journey Optimizer;Marketing Automation Tools";"Marketing Manager;Campaign Manager;Customer Journey Specialist;Digital Marketing Analyst;Customer Experience Manager";;ADVANCED;;;
Adobe Journey Optimizer Developer Expert;CER-000081;;This expert-level certification is for developers working with Adobe Journey Optimizer. It focuses on advanced customization, integrations, and implementing AI-powered personalization techniques to optimize customer journeys.;;VENDORPRODUCT;"Adobe Journey Optimizer;Marketing Automation Development";"Journey Optimizer Developer;Marketing Automation Developer;Full-Stack Developer;Technical Consultant;Digital Experience Developer";;EXPERT;;;
Adobe Marketo Engage Architect Master;CER-000082;;This master-level certification is for architects designing and deploying marketing solutions using Adobe Marketo Engage. It focuses on advanced Marketo implementations, integration with other platforms, and optimizing marketing workflows at scale.;;VENDORPRODUCT;"Adobe Marketo Engage;Marketing Automation Solutions";"Marketing Solutions Architect;Marketing Automation Architect;Senior Marketing Consultant;Digital Marketing Strategist;Marketing Technology Specialist";;EXPERT;;;
Adobe Marketo Engage Business Practitioner Expert;CER-000083;;This certification focuses on mastering business strategies within Adobe Marketo Engage, including campaign creation, lead management, and measuring marketing effectiveness through analytics.;;VENDORPRODUCT;"Adobe Marketo Engage;Marketing Automation Tools";"Marketing Manager;Campaign Manager;Marketing Analyst;Lead Generation Specialist;Digital Marketing Strategist";;EXPERT;;;
Adobe Marketo Engage Business Practitioner Professional;CER-000084;;This certification focuses on practical application of Adobe Marketo Engage for campaign management, lead nurturing, and marketing automation at an operational level.;;VENDORPRODUCT;"Adobe Marketo Engage;Marketing Automation Tools";"Marketing Specialist;Campaign Manager;Digital Marketing Specialist;Marketing Operations Manager;Lead Generation Expert";;ADVANCED;;;
Adobe Marketo Engage Digital Marketer Professional;CER-000085;;This certification is aimed at digital marketers using Adobe Marketo Engage for creating and optimizing digital campaigns. It covers email marketing, lead nurturing, and engagement strategies.;;VENDORPRODUCT;"Adobe Marketo Engage;Digital Marketing Tools";"Digital Marketing Manager;Email Marketing Specialist;Campaign Manager;Content Marketing Specialist;Digital Campaign Strategist";;ADVANCED;;;
Adobe Marketo Engage Professional – Japanese;CER-000086;;This is the Japanese-language version of the Adobe Marketo Engage Professional certification. It focuses on marketing automation tools and strategies for professionals in Japan, covering campaign management and optimization.;;VENDORPRODUCT;"Adobe Marketo Engage;Marketing Automation Tools";"Digital Marketing Manager;Campaign Specialist;Marketing Operations Manager;Marketing Automation Specialist;Lead Nurturing Expert";;ADVANCED;;;
Adobe Real-Time CDP Business Practitioner Professional;CER-000087;;This certification covers the use of Adobe Real-Time Customer Data Platform (CDP) to unify customer data and personalize marketing campaigns. It focuses on customer segmentation, journey mapping, and real-time insights for optimized marketing.;;VENDORPRODUCT;"Adobe Real-Time CDP;Customer Data Platforms";"Data Analyst;Campaign Manager;Customer Insights Manager;Marketing Automation Specialist;Digital Experience Manager";;ADVANCED;;;
Adobe Real-Time CDP Developer Expert;CER-000088;;This expert-level certification focuses on developing and customizing Adobe Real-Time Customer Data Platform (CDP) solutions. It covers data integration, custom event tracking, and advanced customer segmentation to optimize real-time marketing efforts.;;VENDORPRODUCT;"Adobe Real-Time CDP;Data Integration Tools";"CDP Developer;Data Integration Specialist;Marketing Solutions Architect;Real-Time Marketing Specialist;Customer Data Engineer";;EXPERT;;;
Adobe Target Architect Master;CER-000089;;This master-level certification focuses on architecting Adobe Target solutions to drive personalized customer experiences. It includes advanced topics such as targeting strategies, A/B testing, integration with other Adobe solutions, and optimization techniques.;;VENDORPRODUCT;"Adobe Target;Personalization Tools";"Marketing Architect;Personalization Architect;Digital Experience Architect;Optimization Specialist;Data Solutions Architect";;EXPERT;;;
Adobe Target Business Practitioner Expert;CER-000090;;This certification is for professionals who have mastered business strategies within Adobe Target. It covers campaign management, personalization, A/B testing, and analyzing optimization results for improving customer engagement.;;VENDORPRODUCT;"Adobe Target;Marketing Optimization Tools";"Digital Marketing Manager;Personalization Expert;Campaign Manager;Optimization Specialist;Customer Experience Manager";;EXPERT;;;
Adobe Target Business Practitioner Professional;CER-000091;;This certification focuses on applying Adobe Target's personalization and optimization features in marketing campaigns. It covers A/B testing, targeting strategies, and performance analysis to enhance customer experiences.;;VENDORPRODUCT;"Adobe Target;Personalization Tools";"Campaign Manager;Personalization Specialist;Optimization Analyst;Digital Marketing Specialist;Marketing Operations Manager";;ADVANCED;;;
Adobe Target Optimization Specialist Professional;CER-000092;;This certification is for professionals specializing in optimizing marketing campaigns using Adobe Target. It covers techniques for A/B testing, targeting, and audience segmentation to boost conversions and engagement.;;VENDORPRODUCT;"Adobe Target;Marketing Optimization Tools";"Optimization Specialist;A/B Testing Expert;Campaign Analyst;Marketing Automation Specialist;Digital Marketing Specialist";;ADVANCED;;;
Adobe Workfront Core Developer Expert;CER-000093;;This certification is designed for developers working with Adobe Workfront. It covers advanced features such as custom integrations, API management, and automating workflows to optimize project management processes.;;VENDORPRODUCT;"Adobe Workfront;Project Management Tools";"Workfront Developer;Project Automation Specialist;Software Developer;API Integrations Engineer;Solutions Architect";;EXPERT;;;
Adobe Workfront Core Developer Professional;CER-000094;;This certification focuses on practical skills for developing and customizing Adobe Workfront solutions. It covers tasks like API integration, creating custom workflows, and managing tasks within the Workfront platform.;;VENDORPRODUCT;"Adobe Workfront;Project Management Tools";"Workfront Developer;Project Management Specialist;Workflow Automation Developer;Web Developer;API Specialist";;ADVANCED;;;
Adobe Workfront for Experience Manager Enhanced Connector Expert;CER-000095;;This expert certification covers integrating Adobe Workfront with Adobe Experience Manager (AEM). It focuses on advanced customization and automating project workflows between Workfront and AEM to enhance content management processes.;;VENDORPRODUCT;"Adobe Workfront;Adobe Experience Manager;Integration Tools";"AEM Integrations Specialist;Workfront Integration Engineer;Digital Project Manager;Workflow Automation Specialist;Content Operations Manager";;EXPERT;;;
Adobe Workfront Fusion Developer Professional;CER-000096;;This certification is for developers working with Adobe Workfront Fusion, focusing on building integrations and automating workflows across multiple platforms to improve project management and team collaboration.;;VENDORPRODUCT;"Adobe Workfront;Workflow Automation Tools";"Workfront Fusion Developer;Integration Specialist;Automation Engineer;Software Developer;Technical Consultant";;ADVANCED;;;
Adobe Workfront Fusion Qualified Credential (Beta);CER-000097;;This is a beta-level certification for developers new to Adobe Workfront Fusion. It focuses on basic integration and workflow automation skills to streamline project management processes using Workfront Fusion.;;VENDORPRODUCT;"Adobe Workfront;Workflow Automation Tools";"Integration Developer;Workfront Specialist;Automation Engineer;Project Management Assistant;Technical Support Specialist";;BEGINNER;;;
Adobe Workfront Project Manager Professional;CER-000098;;This certification focuses on managing projects efficiently using Adobe Workfront. It includes topics like resource allocation, project timelines, team collaboration, and optimizing project workflows for large-scale teams.;;VENDORPRODUCT;"Adobe Workfront;Project Management Tools";"Project Manager;Program Manager;Digital Project Manager;Project Coordinator;Operations Manager";;ADVANCED;;;
Magento 2 Associate Developer;CER-000099;;Demonstrates understanding of Magento 2 architecture, customization, and module development.;;VENDORPRODUCT;Magento 2;"Web Developer;eCommerce Developer;PHP Engineer";;INTERMEDIATE;;;
Magento Cloud Developer;CER-000100;;Focuses on developing, deploying, and maintaining Magento Commerce Cloud environments.;;VENDORPRODUCT;Magento Cloud;"Cloud Developer;eCommerce Specialist;DevOps Engineer";;ADVANCED;;;
