name;serial_number;country_id;is_capital;state_province;population;number_of_multinational_hqs;number_of_airports;largest_organization;currency;median_salary;median_home_price;average_rent;cost_of_living;temperatures;climate;interesting_fact;degree_holders;number_of_universities;top_universities;number_of_nationalities;language;people_description;latitude;longitude;metadata;main_industries
6th of October City;CIT-000001;EG;FALSE;;500,000 (Foreign Born: 50,000);15;1;Juhayna, October Pharma, Misr Cement Qena;USD;4000;35000;250;LOW;7°C to 38°C;"Hot, dry summers; mild winters; little rainfall";"Planned city to reduce Cairo congestion; edu & industry hub";20% Bachelor, 5% Master, 1% PhD;15;October 6 University, Misr University for Science and Technology, Nile University;10+;"ARABIC;ENGLISH;FRENCH";Ambitious, young, growing rapidly, urbanized;;;;
Aachen;CIT-000002;DE;FALSE;;250,000 (Foreign Born: 55,000);20;1;Grünenthal, Philips (regional), Aixtron, Ford R&D;EUR;45000;320000;950;MEDIUM;−5°C to 30°C;"Oceanic; mild-cool winters; warm summers; rain";"Historic cathedral (UNESCO site); science & tech center";35% Bachelor, 20% Master, 7% PhD;4;RWTH Aachen University, FH Aachen University of Applied Sciences;60+;"GERMAN;ENGLISH;TURKISH;ARABIC";Knowledgeable, multicultural, eco-conscious, innovative;;;;
Aalborg;CIT-000003;DK;FALSE;;120,000 (Foreign Born: 15,000);20;1;Aalborg Portland, Siemens Gamesa (local office), Asetek;EUR;55000;310000;1100;MEDIUM;−4°C to 25°C;"Temperate oceanic; cool winters; mild summers; moderate rain";"From industrial to cultural & tech hub; focus on sustainability";40% Bachelor, 15% Master, 5% PhD;3;Aalborg University;30+;"DANISH;ENGLISH;GERMAN;ARABIC";Friendly, eco-aware, innovative, community-oriented;;;;
Aalst;CIT-000004;BE;FALSE;;88,000 (Foreign Born: 13,000);10;1;Ontex, UZ Aalst, Christeyns;EUR;48000;290000;1000;MEDIUM;−3°C to 23°C;Moderate, cool winters, mild summers;Famous for its UNESCO recognized Carnival;32% (Bachelor), 8% (Master), 2% (PhD);6;Artevelde University of Applied Sciences, Katholieke Universiteit Leuven;100+;"DUTCH;FRENCH;ENGLISH;GERMAN";Friendly, community-oriented, and proud of their cultural heritage;;;;
Aarau;CIT-000005;CH;FALSE;;21,000 (Foreign Born: 6,000);10;1;IBAarau, KSA (Cantonal Hospital), local Swiss energy firms;CHF;75000;500000;1500;HIGH;−4°C to 20°C;Temperate, cold winters, pleasant summers;Capital of Aargau, with medieval architecture;40% (Bachelor), 15% (Master), 6% (PhD);3;University of Applied Sciences and Arts Northwestern Switzerland, Aarau Business School;80+;"GERMAN;ENGLISH;ITALIAN;FRENCH";Quiet, efficient, and highly educated;;;;
Aarhus;CIT-000006;DK;FALSE;;285,000 (Foreign Born: 47,000);35;1;Arla Foods HQ, Vestas (R&D), Terma, Systematic;EUR;58000;370000;1200;MEDIUM_HIGH;−2°C to 22°C;Temperate, cold winters, mild summers;Aarhus is Denmark's second-largest city and a cultural hub;38% (Bachelor), 12% (Master), 5% (PhD);8;Aarhus University, VIA University College;100+;"DANISH;ENGLISH;GERMAN";Creative, intellectual, and highly community-driven;;;;
Abancay;CIT-000007;PE;FALSE;;58,000 (Foreign Born: 1,000);Very few;1;Local cooperatives, regional mining services;USD;4000;30000;200;LOW;9°C to 28°C;High-altitude, dry, and mild summers;Abancay is known for its natural beauty and Andean landscapes;18% (Bachelor), 4% (Master), 1% (PhD);2;Universidad Nacional Micaela Bastidas de Abancay;20+;"SPANISH;QUECHUA";Warm, traditional, and proud of their heritage;;;;
Abbotsford;CIT-000008;CA;FALSE;;150,000 (Foreign Born: 40,000);20;1;Tradex, Abbotsford Regional Hospital, Nature’s Path;CAD;65000;1000000;2200;MEDIUM;−5°C to 25°C;Temperate, cool winters, warm summers;"Abbotsford is known as the ""City in the Country"" due to its agricultural economy";40% (Bachelor), 14% (Master), 4% (PhD);3;University of the Fraser Valley, Columbia Bible College;60+;"ENGLISH;PUNJABI;GERMAN";Friendly, family-oriented, and focused on sustainability;;;;
Abbottabad;CIT-000009;PK;FALSE;;230,000 (Foreign Born: 3,000);Very few;1;Ayub Medical College, Military institutions, local universities;USD;3500;28000;150;LOW;10°C to 28°C;Mild, temperate climate with cool winters;Abbottabad is famous for its scenic views and military academy;28% (Bachelor), 6% (Master), 2% (PhD);4;Abbottabad University of Science & Technology, Hazara University;25+;"URDU;PASHTO;ENGLISH";Calm, disciplined, and proud of their historical significance;;;;
Aberdeen;CIT-000010;GB;FALSE;;200,000 (Foreign Born: 25,000);30;1;Wood Group, TAQA Europe, Aberdeen University;GBP;35000;210000;800;MEDIUM;−2°C to 19°C;Oceanic, cool winters, mild summers;"Aberdeen is known as the ""Granite City"" due to its grey stone buildings";45% (Bachelor), 10% (Master), 3% (PhD);4;University of Aberdeen, Robert Gordon University;70+;"ENGLISH;SCOTS;SCOTTISH_GAELIC";Friendly, hardworking, and proud of their maritime heritage;;;;
Abha;CIT-000011;SA;FALSE;;1.1 million (Foreign Born: 300,000);Few;1;Local tourism and service firms;USD;11000;85000;350;LOW_MEDIUM;10°C to 30°C;Mild, cool summers, moderate winters;Abha is a popular summer destination due to its cool climate and mountainous terrain;25% (Bachelor), 5% (Master), 1% (PhD);2;King Khalid University, Abha University;30+;"ARABIC;ENGLISH";Warm, hospitality-driven, and closely tied to tradition;;;;
Abilene;CIT-000012;US;FALSE;;125,000 (Foreign Born: 13,000);Few;1;Hendrick Health, Dyess Air Force Base, First Financial Bank;USD;48000;210000;1100;LOW_MEDIUM;5°C to 35°C;Hot summers, mild winters;Abilene is home to several colleges and is known for its historic downtown district;38% (Bachelor), 8% (Master), 3% (PhD);4;Abilene Christian University, Hardin-Simmons University;20+;"ENGLISH;SPANISH";Friendly, laid-back, and community-oriented;;;;
Abington;CIT-000013;US;FALSE;;56,000 (Foreign Born: 8,000);Few;1;Abington Hospital (Jefferson Health), Penn State Abington;USD;65000;330000;1600;MEDIUM_HIGH;−3°C to 27°C;Temperate, cold winters, mild summers;Abington is known for its beautiful parks and proximity to Philadelphia;40% (Bachelor), 12% (Master), 4% (PhD);3;Temple University (Abington campus), Penn State Abington;50+;"ENGLISH;SPANISH;ITALIAN";Suburban, family-oriented, and academically focused;;;;
Abu Dhabi;CIT-000014;AE;FALSE;;1.5 million (Foreign Born: 1.2 million);100+;2;ADNOC, Etihad Airways, Mubadala, First Abu Dhabi Bank;USD;60000;600000;2200;HIGH;18°C to 40°C;Desert climate, very hot summers, mild winters;Abu Dhabi is the capital of the UAE and a major global business hub;60% (Bachelor), 25% (Master), 8% (PhD);6;United Arab Emirates University, Khalifa University;100+;"ARABIC;ENGLISH";Modern, cosmopolitan, and focused on innovation and business growth;;;;
Adelaide;CIT-000015;AU;FALSE;;1.4 million (Foreign Born: 400,000);80;1;Santos, BAE Systems Australia, University of Adelaide;AUD;85000;850000;2500;MEDIUM_HIGH;8°C to 30°C;Mediterranean, mild winters, warm summers;Adelaide is famous for its festivals, wine regions, and proximity to the beach;45% (Bachelor), 10% (Master), 5% (PhD);4;University of Adelaide, Flinders University;50+;"ENGLISH;ITALIAN;GREEK;CHINESE_MANDARIN";Laid-back, innovative, and deeply involved in arts and culture;;;;
Oxford;CIT-000106;GB;FALSE;England;;;;;GBP;;;;;;;;;;;;ENGLISH;;;;;
New York City;CIT-000107;US;FALSE;New York;;;;;USD;;;;;;;;;;;;ENGLISH;;;;;
Agadir;CIT-000016;MA;FALSE;;900,000 (Foreign Born: 30,000);Few;1;Local agribusiness and tourism chains;USD;6500;80000;250;LOW;14°C to 27°C;Semi-arid, mild winters, warm summers;Agadir is a popular tourist destination known for its beaches and the Agadir Oufella fort;20% (Bachelor), 5% (Master), 1% (PhD);2;Ibn Zohr University, Agadir University;30+;"ARABIC;BERBER;FRENCH;ENGLISH";Friendly, relaxed, and focused on tourism and hospitality;;;;
Aguadulce;CIT-000017;PA;FALSE;;55,000 (Foreign Born: 3,000);Few;1;Local cooperatives, agro-export firms;USD;7500;60000;300;LOW;24°C to 31°C;Tropical, rainy season and dry season;Aguadulce is known for its agriculture, particularly its banana and sugarcane production;18% (Bachelor), 4% (Master), 1% (PhD);1;Universidad Latina de Panamá (Aguadulce campus);15+;"SPANISH;ENGLISH";Peaceful, rural, and oriented around agriculture and family life;;;;
Aguascalientes;CIT-000018;MX;FALSE;;1.1 million (Foreign Born: 20,000);30;1;Nissan, Jatco, Texas Instruments, local tech hubs;USD;10000;80000;400;LOW_MEDIUM;11°C to 29°C;Arid, hot summers, mild winters;Aguascalientes is known for its hot springs, historical significance, and annual Feria de San Marcos festival;30% (Bachelor), 7% (Master), 2% (PhD);5;Autonomous University of Aguascalientes, Technological Institute of Aguascalientes;20+;"SPANISH;ENGLISH";Proud, warm-hearted, and full of traditional festivals and culture;;;;
Ahmedabad;CIT-000019;IN;FALSE;;8.4 million (Foreign Born: 100,000);60+;1;Adani Group, Torrent Pharma, Zydus, Tata Consultancy Services;USD;6000;55000;250;LOW;13°C to 41°C;Hot semi-arid, dry and hot summers;Ahmedabad is a major hub for business and textile industries and is also known for its rich history and Gandhi Ashram;40% (Bachelor), 12% (Master), 5% (PhD);10;Indian Institute of Management Ahmedabad, Gujarat University;40+;"GUJARATI;HINDI;ENGLISH";Industrious, vibrant, and culturally rich with a strong entrepreneurial spirit;;;;
Ahvaz;CIT-000020;IR;FALSE;;1.2 million (Foreign Born: 10,000);Limited;1;National Iranian South Oil Company (NISOC), steel industry;USD;5000;45000;180;LOW;18°C to 45°C;Desert, extremely hot summers, mild winters;Ahvaz is one of the hottest cities in the world, with summer temperatures often reaching above 45°C;25% (Bachelor), 6% (Master), 2% (PhD);2;Shahid Chamran University of Ahvaz, Ahvaz University of Medical Sciences;10+;"PERSIAN;ARABIC;ENGLISH";Hardworking, resilient, and proud of their rich cultural heritage;;;;
Aïn Defla;CIT-000021;DZ;FALSE;;400,000 (Foreign Born: 5,000);Very Few;1;Local agribusinesses and government entities;USD;4800;40000;150;LOW;10°C to 28°C;Mediterranean, mild winters, hot summers;Aïn Defla is known for its beautiful olive groves and agriculture;15% (Bachelor), 3% (Master), 1% (PhD);1;University of Aïn Defla;5+;"ARABIC;BERBER;FRENCH";Quiet, traditional, and closely connected to their agricultural roots;;;;
Aix-en-Provence;CIT-000022;FR;FALSE;;145,000 (Foreign Born: 20,000);20;1;Aix-Marseille University, local tech startups;EUR;30000;420000;1200;MEDIUM_HIGH;5°C to 22°C;Mediterranean, mild winters, warm summers;Aix-en-Provence is famous for its beautiful architecture and its connection to the painter Paul Cézanne;55% (Bachelor), 20% (Master), 8% (PhD);3;Aix-Marseille University, KEDGE Business School;40+;"FRENCH;ENGLISH";Charming, artistic, and culturally sophisticated;;;;
Ajaccio;CIT-000023;FR;FALSE;;71,000 (Foreign Born: 8,000);Few;1;Corsican tourism groups, local public institutions;EUR;28000;310000;1000;MEDIUM;9°C to 20°C;Mediterranean, mild winters, warm summers;Ajaccio is the birthplace of Napoleon Bonaparte and a popular tourist destination;35% (Bachelor), 12% (Master), 4% (PhD);2;University of Corsica, Ecole de Commerce de Corse;30+;"FRENCH;ITALIAN;CORSICAN;ENGLISH";Proud, historical, and fiercely attached to their Corsican heritage;;;;
Ajax;CIT-000024;CA;FALSE;;130,000 (Foreign Born: 50,000);Some (GTA spillover);1;Amazon (logistics), local tech and manufacturing firms;CAD;65000;950000;2700;MEDIUM_HIGH;−5°C to 25°C;Temperate, cold winters, mild summers;Ajax is known for its natural parks and its proximity to Toronto, making it a popular suburban area;38% (Bachelor), 12% (Master), 5% (PhD);4;University of Ontario Institute of Technology (Ajax campus), Durham College;60+;"ENGLISH;PUNJABI;ITALIAN";Friendly, multicultural, and family-oriented;;;;
Ajloun;CIT-000025;JO;FALSE;;190,000 (Foreign Born: 5,000);Very few;1;Local agricultural cooperatives, small businesses;USD;5500;45000;180;LOW;7°C to 22°C;Mediterranean, mild winters, warm summers;Ajloun is known for its historic Ajloun Castle and natural beauty;15% (Bachelor), 4% (Master), 1% (PhD);1;Ajloun University;10+;"ARABIC;ENGLISH";Peaceful, historic, and connected to nature;;;;
Ajman;CIT-000026;AE;FALSE;;500,000 (Foreign Born: 400,000);Several (regional HQs);1;Ajman Free Zone companies, Gulf Medical University;USD;30000;150000;900;MEDIUM;18°C to 38°C;Desert, hot summers, mild winters;Ajman is the smallest emirate in the UAE and known for its beaches;45% (Bachelor), 25% (Master), 10% (PhD);3;Ajman University, Gulf Medical University;50+;"ARABIC;ENGLISH";Modern, growing, and focused on development;;;;
Akita;CIT-000027;JP;FALSE;;310,000 (Foreign Born: 5,000);Few;1;Akita University, Akita Bank, local energy & public sector;USD;32000;180000;600;MEDIUM;−5°C to 25°C;Humid continental, cold winters, mild summers;Akita is famous for its heavy snowfall, Akita Inu dogs, and the Kanto Matsuri festival;30% (Bachelor), 8% (Master), 3% (PhD);2;Akita University, Tohoku University (Akita campus);20+;"JAPANESE;ENGLISH";Calm, traditional, and deeply connected to their natural surroundings;;;;
Akron;CIT-000028;US;FALSE;;190,000 (Foreign Born: 10,000);Some;1;Goodyear, University of Akron, Summa Health;USD;52000;150000;1100;MEDIUM;−4°C to 29°C;Humid continental, cold winters, warm summers;"Akron is known as the ""Rubber Capital of the World"" due to its history in the tire industry";35% (Bachelor), 10% (Master), 5% (PhD);4;University of Akron, Kent State University (Akron campus);40+;"ENGLISH;SPANISH";Industrious, resilient, and community-oriented;;;;
Aksaray;CIT-000029;TR;FALSE;;430,000 (Foreign Born: 10,000);Few;1;Local manufacturing firms, logistics hubs;EUR;6500;50000;200;LOW;10°C to 30°C;Continental, hot summers, cold winters;Aksaray is a key stop along the historic Silk Road and is known for its Seljuk architecture;25% (Bachelor), 6% (Master), 2% (PhD);2;Aksaray University, Turkish Aeronautical Association University;15+;"TURKISH;KURDISH;ARABIC;ENGLISH";Historic, warm-hearted, and focused on agriculture and industry;;;;
Aksu;CIT-000030;KZ;FALSE;;230,000 (Foreign Born: 20,000);Few;1;Petrochemical plants, local mining firms;USD;7000;40000;180;LOW;−10°C to 35°C;Continental, hot summers, cold winters;Aksu is known for its proximity to the Ili River and its role in Kazakhstan’s agricultural economy;18% (Bachelor), 5% (Master), 2% (PhD);1;Aksu State University;5+;"KAZAKH;RUSSIAN";Hardworking, rural, and strongly tied to the land;;;;
Aktau;CIT-000031;KZ;FALSE;;190,000 (Foreign Born: 15,000);Few;1;KazMunayGas, Caspian Sea port operators;USD;8000;50000;200;LOW_MEDIUM;−5°C to 25°C;Arid, desert climate, hot summers, mild winters;Aktau is Kazakhstan’s major port on the Caspian Sea, known for its oil industry;25% (Bachelor), 6% (Master), 3% (PhD);2;Mangystau University, Aktau Technical Institute;10+;"KAZAKH;RUSSIAN;ENGLISH";Industrious, modern, and deeply connected to energy production;;;;
Akureyri;CIT-000032;IS;FALSE;;19,000 (Foreign Born: 3,000);Few;1;Local fish processing companies, University of Akureyri;EUR;40000;400000;1200;MEDIUM_HIGH;−5°C to 15°C;Subarctic, cold winters, mild summers;"Akureyri is often referred to as the ""Capital of North Iceland"" and is known for its vibrant arts scene";50% (Bachelor), 15% (Master), 5% (PhD);3;University of Akureyri, Akureyri University of Iceland;30+;"ICELANDIC;ENGLISH";Peaceful, creative, and deeply connected to nature;;;;
Al Ahmadi;CIT-000033;KW;FALSE;;700,000 (Foreign Born: 400,000);Several;1;Kuwait Oil Company, Petrochemical companies;USD;45000;300000;1500;HIGH;15°C to 45°C;Desert, extremely hot summers, mild winters;Al Ahmadi is home to Kuwait’s major oil industry facilities and the largest oil refinery in the country;35% (Bachelor), 12% (Master), 5% (PhD);2;Kuwait University, College of Technological Studies;20+;"ARABIC;ENGLISH";Modern, industrious, and centered around the oil economy;;;;
Al Ain;CIT-000034;AE;FALSE;;750,000 (Foreign Born: 500,000);Several;1;Tawam Hospital, Al Ain Zoo, UAE University;USD;35000;400000;1200;MEDIUM;18°C to 42°C;Desert, extremely hot summers, mild winters;"Al Ain is known as the ""Garden City"" due to its greenery and palm groves, and it’s the birthplace of Sheikh Zayed";50% (Bachelor), 25% (Master), 10% (PhD);5;United Arab Emirates University, Al Ain University of Science and Technology;80+;"ARABIC;ENGLISH";Traditional, peaceful, and focused on education and family;;;;
Al Amarat;CIT-000035;OM;FALSE;;150,000 (Foreign Born: 10,000);Few;1;Local construction firms, government services;USD;15000;90000;350;LOW_MEDIUM;15°C to 40°C;Desert, hot summers, mild winters;Al Amarat is located near the Al Hajar Mountains and is known for its natural springs;20% (Bachelor), 5% (Master), 2% (PhD);1;Dhofar University (Al Amarat campus);10+;"ARABIC;ENGLISH";Quiet, community-focused, and closely connected to nature;;;;
Al Baha;CIT-000036;SA;FALSE;;500,000 (Foreign Born: 50,000);Few;1;Local tourism groups, agriculture cooperatives;USD;10000;80000;300;MEDIUM;16°C to 35°C;Mountainous, mild winters, hot summers;Al Baha is known for its lush greenery, scenic valleys, and rich historical landmarks;18% (Bachelor), 4% (Master), 1% (PhD);2;Al Baha University, King Khalid University (Al Baha campus);15+;"ARABIC;ENGLISH";Calm, friendly, and proud of their natural beauty and heritage;;;;
Al Hoceima;CIT-000037;MA;FALSE;;140,000 (Foreign Born: 5,000);Few;1;Local fishing cooperatives, tourism-related businesses;USD;6000;60000;200;LOW;14°C to 27°C;Mediterranean, mild winters, warm summers;Al Hoceima is a coastal city known for its beautiful beaches and the Rif Mountains;25% (Bachelor), 8% (Master), 3% (PhD);2;Abdelmalek Essaâdi University, Al Hoceima University;15+;"ARABIC;BERBER;FRENCH;SPANISH";Relaxed, coastal, and deeply rooted in culture and nature;;;;
Al Jahra;CIT-000038;KW;FALSE;;460,000 (Foreign Born: 300,000);Few;1;Local agricultural firms, oil industry suppliers;USD;35000;280000;1100;MEDIUM_HIGH;15°C to 42°C;Desert, extremely hot summers, mild winters;Al Jahra is known for being one of the oldest cities in Kuwait and for its historical sites;18% (Bachelor), 4% (Master), 1% (PhD);1;Kuwait University (Al Jahra campus);10+;"ARABIC;ENGLISH";Traditional, community-focused, and closely connected to history;;;;
Al Khor;CIT-000039;QA;FALSE;;320,000 (Foreign Born: 270,000);Few;1;Qatar Petroleum, port operations;USD;40000;350000;1200;HIGH;20°C to 43°C;Desert, very hot summers, mild winters;Al Khor is a growing city in Qatar, famous for its fishing and pearl diving history;25% (Bachelor), 8% (Master), 3% (PhD);2;Qatar University, College of the North Atlantic Qatar;30+;"ARABIC;ENGLISH";Family-oriented, evolving, and focused on its cultural heritage;;;;
Al Qunfudhah;CIT-000040;SA;FALSE;;200,000 (Foreign Born: 20,000);Few;1;Local fisheries and agriculture firms;USD;15000;70000;300;MEDIUM;18°C to 40°C;Desert, very hot summers, mild winters;Al Qunfudhah is a coastal city known for its seafood industry and beaches;25% (Bachelor), 6% (Master), 2% (PhD);1;Al Qunfudhah University;15+;"ARABIC;ENGLISH";Coastal, laid-back, and focused on fishing and tourism;;;;
Al Rayyan;CIT-000041;QA;FALSE;;600,000 (Foreign Born: 550,000);Several;1;Qatar Foundation, Aspire Zone Foundation;USD;40000;480000;1400;HIGH;20°C to 43°C;Desert, very hot summers, mild winters;Al Rayyan is one of Qatar’s largest municipalities and is home to many sports and cultural events;45% (Bachelor), 20% (Master), 8% (PhD);4;Qatar University, College of the North Atlantic Qatar;50+;"ARABIC;ENGLISH";Modern, sports-oriented, and cosmopolitan;;;;
Al Sharqiyah;CIT-000042;OM;FALSE;;240,000 (Foreign Born: 12,000);Few;1;Local fisheries, agriculture firms;USD;13000;70000;280;MEDIUM;20°C to 40°C;Desert, very hot summers, mild winters;Al Sharqiyah is famous for its beaches and Wadi Shab, a popular natural attraction;30% (Bachelor), 10% (Master), 4% (PhD);2;Al Sharqiyah University, Sultan Qaboos University (Sharqiyah campus);20+;"ARABIC;ENGLISH";Coastal, scenic, and connected to both nature and modernity;;;;
Al Wajh;CIT-000043;SA;FALSE;;50,000 (Foreign Born: 5,000);Few;1;Local fisheries, tourism businesses;USD;14000;60000;250;LOW_MEDIUM;18°C to 38°C;Desert, extremely hot summers, mild winters;Al Wajh is a historical port city on the Red Sea, known for its beautiful beaches;20% (Bachelor), 5% (Master), 2% (PhD);1;Tabuk University (Al Wajh campus);10+;"ARABIC;ENGLISH";Coastal, laid-back, and deeply connected to the sea;;;;
Al Wakrah;CIT-000044;QA;FALSE;;80,000 (Foreign Born: 70,000);Few;1;Local construction firms, fishing industry;USD;35000;400000;1200;HIGH;20°C to 43°C;Desert, very hot summers, mild winters;Al Wakrah is a coastal city that has rapidly developed into a modern urban center;35% (Bachelor), 15% (Master), 7% (PhD);3;Qatar University, College of the North Atlantic Qatar;40+;"ARABIC;ENGLISH";Modern, rapidly growing, and focused on development and culture;;;;
Alafaya;CIT-000045;US;FALSE;;75,000 (Foreign Born: 15,000);Few;1;University of Central Florida, retail chains;USD;48000;350000;1300;MEDIUM;14°C to 32°C;Humid subtropical, hot summers, mild winters;Alafaya is a suburb of Orlando, known for its proximity to the University of Central Florida and theme parks;40% (Bachelor), 12% (Master), 5% (PhD);3;University of Central Florida, Valencia College;60+;"ENGLISH;SPANISH;PORTUGUESE";Suburban, student-focused, and vibrant with young energy;;;;
Alajuela;CIT-000046;CR;FALSE;;340,000 (Foreign Born: 20,000);Few;1;Dole Food Company, airport-related businesses;USD;12000;80000;350;LOW_MEDIUM;18°C to 30°C;Tropical, wet and dry seasons;Alajuela is known for its proximity to the Arenal Volcano and the international airport;30% (Bachelor), 8% (Master), 3% (PhD);2;National University of Costa Rica (Alajuela campus), AUPR Alajuela;20+;"SPANISH;ENGLISH";Warm, friendly, and deeply connected to both nature and culture;;;;
Alanya;CIT-000047;TR;FALSE;;330,000 (Foreign Born: 15,000);Few;1;Tourism operators, local agriculture businesses;EUR;8000;70000;300;LOW;13°C to 32°C;Mediterranean, mild winters, hot summers;Alanya is a popular tourist destination on the southern coast of Turkey, known for its beaches and historical sites;35% (Bachelor), 10% (Master), 4% (PhD);3;Alanya Alaaddin Keykubat University, Alanya University;20+;"TURKISH;ENGLISH;GERMAN";Vibrant, tourist-oriented, and relaxed with a rich cultural history;;;;
Albacete;CIT-000048;ES;FALSE;;170,000 (Foreign Born: 20,000);Few;1;Local manufacturing firms, agricultural cooperatives;EUR;25000;180000;700;MEDIUM;5°C to 27°C;Continental, hot summers, mild winters;Albacete is known for its annual fair and its rich history in knife-making;30% (Bachelor), 7% (Master), 3% (PhD);3;University of Castilla-La Mancha, Albacete Campus;20+;"SPANISH;ENGLISH";Friendly, traditional, and deeply connected to its history and crafts;;;;
Albany;CIT-000049;US;FALSE;;75,000 (Foreign Born: 5,000);Few;1;Phoebe Putney Health System, local manufacturing;USD;42000;150000;850;LOW_MEDIUM;7°C to 30°C;Humid subtropical, hot summers, mild winters;Albany is known for its agricultural production, especially peanuts;25% (Bachelor), 6% (Master), 2% (PhD);2;Albany State University, Darton State College;10+;"ENGLISH;SPANISH";Southern, community-focused, and proud of its agricultural roots;;;;
Albany;CIT-000050;US;FALSE;;97,000 (Foreign Born: 15,000);Few;1;State government, University at Albany, Albany Medical Center;USD;55000;280000;1400;MEDIUM_HIGH;−5°C to 22°C;Humid continental, cold winters, warm summers;Albany is the capital of New York State, known for its history and architecture;40% (Bachelor), 15% (Master), 6% (PhD);5;University at Albany, Rensselaer Polytechnic Institute;30+;"ENGLISH;SPANISH;ITALIAN";Political, historical, and intellectual with a focus on education;;;;
Albany;CIT-000051;US;FALSE;;56,000 (Foreign Born: 5,000);Few;1;Linn-Benton Community College, local manufacturing;USD;48000;320000;1000;MEDIUM;3°C to 30°C;Temperate, cool winters, warm summers;Albany is known for its historical buildings and is located at the confluence of the Willamette and Calapooia Rivers;30% (Bachelor), 8% (Master), 3% (PhD);2;Oregon State University (Albany campus), Linn-Benton Community College;10+;"ENGLISH;SPANISH;GERMAN";Family-oriented, laid-back, and closely connected to nature and history;;;;
Albufeira;CIT-000052;PT;FALSE;;40,000 (Foreign Born: 6,000);Few;1;Tourism operators, hotels;EUR;22000;250000;1000;MEDIUM;11°C to 30°C;Mediterranean, mild winters, hot summers;Albufeira is known for its stunning beaches and vibrant nightlife, making it a popular tourist destination;35% (Bachelor), 8% (Master), 3% (PhD);3;University of Algarve, Instituto Politécnico de Portalegre;20+;"PORTUGUESE;ENGLISH;GERMAN;FRENCH";Fun-loving, beach-oriented, and lively with a strong tourism focus;;;;
Albuquerque;CIT-000053;US;FALSE;;560,000 (Foreign Born: 70,000);Several;1;Sandia National Labs, University of New Mexico;USD;52000;350000;1200;MEDIUM;−3°C to 32°C;Semi-arid, cold winters, hot summers;Albuquerque is famous for its annual Balloon Fiesta and its unique Southwestern culture;40% (Bachelor), 12% (Master), 5% (PhD);5;University of New Mexico, New Mexico State University;40+;"ENGLISH;SPANISH;NAVAJO";Cultural, artsy, and full of history with a strong Native American influence;;;;
Albury;CIT-000054;AU;FALSE;;50,000 (Foreign Born: 8,000);Few;1;Logistics firms, local manufacturing;AUD;70000;650000;1800;MEDIUM;6°C to 30°C;Temperate, cool winters, warm summers;Albury is located on the border of New South Wales and Victoria and is known for its beautiful parks and the Murray River;32% (Bachelor), 10% (Master), 4% (PhD);2;Charles Sturt University, University of Melbourne (Albury campus);10+;"ENGLISH;ITALIAN;GREEK";Relaxed, nature-loving, and close-knit with a focus on outdoor life;;;;
Ålesund;CIT-000055;NO;FALSE;;47,000 (Foreign Born: 4,000);Few;1;Maritime companies, local fisheries;EUR;58000;420000;1300;HIGH;−2°C to 18°C;Oceanic, cold winters, mild summers;Ålesund is renowned for its Art Nouveau architecture and its proximity to some of Norway's most scenic fjords;50% (Bachelor), 20% (Master), 8% (PhD);2;Norwegian University of Science and Technology (Ålesund campus), Ålesund University College;20+;"NORWEGIAN;ENGLISH";Scenic, historic, and maritime-oriented with a strong focus on sustainability;;;;
Alexandria;CIT-000056;EG;FALSE;Alexandria;5.2 million (Foreign Born: 300,000);Few;2;Sidi Kerir Petrochemicals, Alexandria Port Authority;USD;6500;35000;180;LOW;11°C to 30°C;Mediterranean, mild winters, hot summers;Alexandria is a historic city known for the ancient Library of Alexandria and its cultural significance;30% (Bachelor), 8% (Master), 3% (PhD);4;Alexandria University, Pharos University of Alexandria;50+;"ARABIC;ENGLISH;FRENCH";Historical, vibrant, and deeply tied to Egypt's rich cultural heritage;;;;
Alexandria;CIT-000057;RO;FALSE;Teleorman;300,000 (Foreign Born: 8,000);Few;1;Local manufacturing firms, agricultural businesses;EUR;9000;30000;150;LOW;−4°C to 30°C;Continental, cold winters, warm summers;Alexandria is an important city in southern Romania, known for its historical significance and the surrounding fertile lands;20% (Bachelor), 5% (Master), 2% (PhD);1;Alexandria University (Romania);5+;"ROMANIAN;ENGLISH;SERBIAN";Quiet, agricultural, and connected to the history and culture of southern Romania;;;;
Alexandria;CIT-000058;US;FALSE;Virginia;160,000 (Foreign Born: 45,000);Several;1;U.S. government contractors, defense firms;USD;80000;600000;2200;HIGH;1°C to 30°C;Humid subtropical, cold winters, warm summers;Alexandria is a historic city near Washington, D.C., known for its charming Old Town district;50% (Bachelor), 15% (Master), 6% (PhD);5;George Washington University, Northern Virginia Community College;50+;"ENGLISH;SPANISH;ARABIC";Historical, urban, and focused on politics and culture;;;;
Alexandroupoli;CIT-000059;GR;FALSE;;72,000 (Foreign Born: 3,000);Few;1;Port Authority, local tourism and transport companies;EUR;20000;140000;600;MEDIUM;10°C to 28°C;Mediterranean, mild winters, hot summers;Alexandroupoli is a port city near the Greek-Turkish border and is known for its seaside beauty and proximity to the Evros River;35% (Bachelor), 10% (Master), 3% (PhD);2;Democritus University of Thrace, Alexandroupoli University;15+;"GREEK;TURKISH;ENGLISH";Relaxed, coastal, and deeply tied to its maritime history;;;;
Chicago;CIT-000109;US;FALSE;Illinois;;;;;USD;;;;;;;;;;;;ENGLISH;;;;;
Aley;CIT-000060;LB;FALSE;;50,000 (Foreign Born: 2,000);Few;1;Local tourism businesses, agricultural cooperatives;USD;8000;60000;250;LOW_MEDIUM;8°C to 22°C;Mediterranean, mild winters, warm summers;Aley is a popular summer resort town in the mountains of Lebanon, known for its cool climate and beautiful scenery;25% (Bachelor), 7% (Master), 2% (PhD);1;Lebanese University (Aley branch);20+;"ARABIC;FRENCH;ENGLISH";Peaceful, family-oriented, and closely connected to nature and culture;;;;
Algiers;CIT-000061;DZ;FALSE;;3.9 million (Foreign Born: 400,000);Several;1;Sonatrach, government ministries, port authorities;USD;15000;70000;300;MEDIUM;10°C to 30°C;Mediterranean, mild winters, hot summers;Algiers is the capital and largest city of Algeria, known for its rich history, architecture, and role in the Algerian War of Independence;40% (Bachelor), 15% (Master), 6% (PhD);5;University of Algiers, École Nationale Polytechnique;30+;"ARABIC;BERBER;FRENCH;ENGLISH";Modern, bustling, and proud of its historical and cultural heritage;;;;
Alicante;CIT-000062;ES;FALSE;;330,000 (Foreign Born: 30,000);Few;1;Tourism operators, shipping firms;EUR;25000;220000;800;MEDIUM;12°C to 30°C;Mediterranean, mild winters, hot summers;Alicante is a popular tourist destination known for its beaches, medieval architecture, and nightlife;40% (Bachelor), 15% (Master), 6% (PhD);3;University of Alicante, Alicante Polytechnic University;30+;"SPANISH;VALENCIAN;ENGLISH";Relaxed, coastal, and vibrant with a rich blend of history and modernity;;;;
Allen;CIT-000063;US;FALSE;;115,000 (Foreign Born: 15,000);Few;1;Raytheon, local manufacturing and retail;USD;70000;410000;1800;MEDIUM;3°C to 35°C;Humid subtropical, hot summers, mild winters;Allen is known for its large retail outlets, the Allen Event Center, and its high-quality public schools;35% (Bachelor), 10% (Master), 4% (PhD);2;University of Texas at Dallas (Allen campus), Collin College;20+;"ENGLISH;SPANISH;VIETNAMESE";Family-oriented, rapidly growing, and suburban with a strong community focus;;;;
Allentown;CIT-000064;US;FALSE;;120,000 (Foreign Born: 10,000);Few;1;Air Products, Lehigh Valley Health Network;USD;50000;200000;1000;MEDIUM;−6°C to 28°C;Humid continental, cold winters, warm summers;Allentown is known for its industrial history, including being a major steel manufacturing hub;30% (Bachelor), 10% (Master), 5% (PhD);3;Lehigh University, Muhlenberg College;20+;"ENGLISH;SPANISH;GERMAN";Historic, industrial, and evolving with a focus on education and community;;;;
Almaty;CIT-000065;KZ;FALSE;;2 million (Foreign Born: 200,000);Several;1;Halyk Bank, Air Astana, Kazakhmys;USD;12000;60000;250;LOW_MEDIUM;−10°C to 30°C;Continental, cold winters, warm summers;Almaty is Kazakhstan's largest city and a cultural and economic hub, located at the foot of the Tien Shan mountains;40% (Bachelor), 12% (Master), 5% (PhD);4;Almaty University of Power Engineering and Telecommunications, Kazakh National University;50+;"KAZAKH;RUSSIAN;ENGLISH;UZBEK";Dynamic, growing, and culturally diverse with a focus on trade and industry;;;;
Almere;CIT-000066;NL;FALSE;;220,000 (Foreign Born: 50,000);Few;1;Local construction firms, service sector;EUR;40000;400000;1400;MEDIUM_HIGH;4°C to 22°C;Temperate, cool winters, mild summers;Almere is one of the newest cities in the Netherlands, built on reclaimed land in the Zuiderzee;45% (Bachelor), 18% (Master), 7% (PhD);2;University of Applied Sciences Almere, Open University of the Netherlands;40+;"DUTCH;ENGLISH";Modern, innovative, and rapidly developing with a focus on sustainability and planning;;;;
Aloha;CIT-000067;US;FALSE;;22,000 (Foreign Born: 3,000);Few;1;Intel (nearby), local retail businesses;USD;60000;400000;1200;MEDIUM;5°C to 30°C;Temperate, cool winters, warm summers;Aloha is a suburban community located near Portland, known for its parks and proximity to the Tualatin River;32% (Bachelor), 8% (Master), 4% (PhD);1;Portland State University (Aloha campus);20+;"ENGLISH;SPANISH";Family-oriented, suburban, and community-focused with an emphasis on outdoor living;;;;
Alor Setar;CIT-000068;MY;FALSE;;400,000 (Foreign Born: 10,000);Few;1;Local manufacturing firms, agricultural businesses;USD;7000;60000;250;LOW;23°C to 33°C;Tropical, humid, monsoon seasons;Alor Setar is the capital of the Malaysian state of Kedah and is known for its historical sites and cultural heritage;28% (Bachelor), 8% (Master), 3% (PhD);3;Universiti Utara Malaysia, Kolej Universiti Islam Antarabangsa;15+;"MALAY;ENGLISH;TAMIL";Traditional, welcoming, and focused on its cultural and agricultural roots;;;;
Alpharetta;CIT-000069;US;FALSE;;70,000 (Foreign Born: 25,000);Several;1;McKesson, Verizon, multiple tech firms;USD;90000;650000;2200;MEDIUM_HIGH;2°C to 34°C;Humid subtropical, hot summers, mild winters;Alpharetta is a thriving suburban city known for its tech industry and excellent public schools;45% (Bachelor), 15% (Master), 6% (PhD);3;Georgia Institute of Technology (Alpharetta campus), Alpharetta Technical College;40+;"ENGLISH;SPANISH;KOREAN";Modern, tech-driven, and suburban with a strong focus on business and education;;;;
Alytus;CIT-000070;LT;FALSE;;50,000 (Foreign Born: 2,000);Few;1;Local manufacturing firms, logistics companies;EUR;12000;90000;300;LOW_MEDIUM;−10°C to 22°C;Continental, cold winters, mild summers;Alytus is one of Lithuania’s oldest cities, located in the south, and is known for its historical significance and natural beauty;18% (Bachelor), 4% (Master), 2% (PhD);1;Alytus College;10+;"LITHUANIAN;RUSSIAN;ENGLISH";Quiet, historical, and nature-loving with a strong sense of local pride;;;;
Amarillo;CIT-000071;US;FALSE;;200,000 (Foreign Born: 15,000);Few;1;Pantex Plant, Tyson Foods, local energy firms;USD;55000;180000;900;LOW_MEDIUM;−2°C to 34°C;Humid subtropical, cold winters, hot summers;Amarillo is known as the “Helium Capital of the World” and is a key stop on the historic Route 66;30% (Bachelor), 7% (Master), 3% (PhD);2;West Texas A&M University, Amarillo College;10+;"ENGLISH;SPANISH;VIETNAMESE";Friendly, resilient, and deeply connected to its agricultural and historical roots;;;;
Ambato;CIT-000072;EC;FALSE;;350,000 (Foreign Born: 8,000);Few;1;Local textile firms, agricultural businesses;USD;7000;40000;150;LOW;5°C to 23°C;Temperate, cool winters, mild summers;"Ambato is known as the ""Fruit Capital of Ecuador"" and is famous for its annual Carnival";25% (Bachelor), 6% (Master), 2% (PhD);2;Technical University of Ambato, Central University of Ecuador (Ambato campus);10+;"SPANISH;QUECHUA";Friendly, agricultural, and proud of its cultural traditions;;;;
Ambon;CIT-000073;ID;FALSE;;340,000 (Foreign Born: 10,000);Few;1;Local fishing companies, tourism operators;USD;5000;25000;100;LOW;24°C to 31°C;Tropical, humid, monsoon seasons;Ambon is the capital of Maluku Province and has a rich history tied to its spice trade legacy;20% (Bachelor), 5% (Master), 2% (PhD);2;Pattimura University, Ambon State Polytechnic;15+;"INDONESIAN;AMBONESE_MALAY;ENGLISH";Coastal, warm-hearted, and deeply connected to its maritime history;;;;
Amersfoort;CIT-000074;NL;FALSE;;160,000 (Foreign Born: 40,000);Few;1;Local service firms, education institutions;EUR;45000;400000;1200;MEDIUM_HIGH;2°C to 22°C;Temperate, cool winters, mild summers;Amersfoort is a historic city known for its medieval architecture, including the Koppelpoort gate;40% (Bachelor), 15% (Master), 5% (PhD);2;University of Amersfoort, Utrecht University (Amersfoort campus);20+;"DUTCH;ENGLISH";Historic, peaceful, and culturally rich with a focus on sustainability;;;;
Ames;CIT-000075;US;FALSE;;66,000 (Foreign Born: 8,000);Few;1;Iowa State University, biotech firms;USD;50000;280000;900;MEDIUM;−6°C to 30°C;Humid continental, cold winters, warm summers;Ames is home to Iowa State University and has a strong focus on research and agriculture;50% (Bachelor), 20% (Master), 8% (PhD);3;Iowa State University, Des Moines Area Community College;10+;"ENGLISH;SPANISH;SOMALI";Academic, innovative, and centered around research and education;;;;
Amherst town;CIT-000076;US;FALSE;;130,000 (Foreign Born: 20,000);Few;1;University at Buffalo, Kaleida Health;USD;55000;300000;1000;MEDIUM;−6°C to 27°C;Humid continental, cold winters, warm summers;Amherst is a suburban town near Buffalo, known for its parks and educational institutions;40% (Bachelor), 15% (Master), 7% (PhD);3;University at Buffalo, SUNY College at Buffalo;30+;"ENGLISH;SPANISH;POLISH";Suburban, family-friendly, and with a strong focus on education and green spaces;;;;
Amman;CIT-000077;JO;FALSE;;4 million (Foreign Born: 1 million);Few;1;Arab Bank, Zain Jordan, government ministries;USD;10000;50000;250;MEDIUM;8°C to 30°C;Mediterranean, mild winters, hot summers;Amman is the capital of Jordan, known for its ancient history and vibrant cultural scene;35% (Bachelor), 12% (Master), 5% (PhD);5;University of Jordan, Jordan University of Science & Technology;50+;"ARABIC;ENGLISH;FRENCH";Modern, bustling, and deeply connected to both history and progress;;;;
Amstelveen;CIT-000078;NL;FALSE;;90,000 (Foreign Born: 35,000);Several;1;Philips, Cisco Systems, local finance and IT firms;EUR;50000;450000;1200;MEDIUM_HIGH;4°C to 22°C;Temperate, cool winters, mild summers;Amstelveen is known for its green spaces and proximity to Amsterdam, making it a peaceful suburban area;45% (Bachelor), 20% (Master), 8% (PhD);2;Vrije Universiteit Amsterdam, Amsterdam University of Applied Sciences;40+;"DUTCH;ENGLISH";Quiet, suburban, and green with a focus on sustainability and family life;;;;
Amsterdam;CIT-000079;NL;FALSE;;870,000 (Foreign Born: 350,000);Many;1;ING Group, Booking.com, Philips, Heineken;EUR;60000;650000;1800;HIGH;5°C to 22°C;Temperate, cool winters, mild summers;Amsterdam is the capital of the Netherlands, famous for its canals, museums, and historical architecture;50% (Bachelor), 25% (Master), 15% (PhD);15;University of Amsterdam, Vrije Universiteit Amsterdam;100+;"DUTCH;ENGLISH;ARABIC;SPANISH";Progressive, artistic, and cosmopolitan with a rich cultural heritage;;;;
Anaheim;CIT-000080;US;FALSE;;350,000 (Foreign Born: 90,000);Several;1;Disneyland Resort, Honda, local manufacturing;USD;65000;750000;2200;HIGH;10°C to 30°C;Mediterranean, mild winters, hot summers;Anaheim is home to Disneyland Resort and is known for its theme parks and entertainment industry;40% (Bachelor), 15% (Master), 7% (PhD);4;California State University, Fullerton, Chapman University;50+;"ENGLISH;SPANISH;KOREAN";Fun-loving, family-oriented, and entertainment-driven with a focus on tourism;;;;
Anchorage;CIT-000081;US;FALSE;;290,000 (Foreign Born: 20,000);Few;1;ConocoPhillips Alaska, Alaska Airlines, military bases;USD;70000;350000;1500;HIGH;−10°C to 20°C;Subarctic, cold winters, mild summers;Anchorage is the largest city in Alaska, known for its stunning natural beauty and wildlife;30% (Bachelor), 10% (Master), 5% (PhD);3;University of Alaska Anchorage, Alaska Pacific University;15+;"ENGLISH;RUSSIAN;TAGALOG";Adventurous, resilient, and deeply connected to nature and the outdoors;;;;
Anderson;CIT-000082;US;FALSE;;55,000 (Foreign Born: 2,000);Few;1;General Motors (historic), local healthcare providers;USD;45000;130000;700;LOW_MEDIUM;−5°C to 28°C;Humid continental, cold winters, warm summers;Anderson is known for its automotive industry history and its annual Madison County Fair;20% (Bachelor), 5% (Master), 2% (PhD);1;Anderson University;10+;"ENGLISH;SPANISH";Suburban, hardworking, and community-focused with a small-town feel;;;;
Andijan;CIT-000083;UZ;FALSE;;450,000 (Foreign Born: 15,000);Few;1;Textile mills, agricultural enterprises;USD;6000;15000;100;LOW;10°C to 35°C;Continental, hot summers, cold winters;Andijan is a major city in eastern Uzbekistan, known for its historical sites and agricultural products;18% (Bachelor), 5% (Master), 2% (PhD);1;Andijan State University;5+;"UZBEK;RUSSIAN;KYRGYZ";Friendly, agricultural, and steeped in history with a focus on family;;;;
Angeles City;CIT-000084;PH;FALSE;;450,000 (Foreign Born: 20,000);Few;1;Resorts, retail businesses;USD;5500;25000;150;LOW;22°C to 34°C;Tropical, humid, monsoon seasons;Angeles City is famous for its nightlife, entertainment industry, and historical significance during the American colonial period;25% (Bachelor), 8% (Master), 3% (PhD);3;Angeles University Foundation, University of the Philippines (Angeles campus);15+;"FILIPINO;ENGLISH;KAPAMPANGAN";Lively, entertainment-oriented, and hospitality-driven with a mix of cultures;;;;
Angers;CIT-000085;FR;FALSE;;150,000 (Foreign Born: 10,000);Few;1;Tech firms, University of Angers;EUR;35000;320000;1100;MEDIUM;5°C to 20°C;Oceanic, mild winters, cool summers;Angers is known for its medieval architecture, the Château d'Angers, and its wine production;35% (Bachelor), 12% (Master), 5% (PhD);4;University of Angers, Centrale Nantes (Angers campus);30+;"FRENCH;ENGLISH;SPANISH";Historic, artistic, and vibrant with a strong academic and cultural presence;;;;
Angra do Heroísmo;CIT-000086;PT;FALSE;;35,000 (Foreign Born: 4,000);Few;1;Tourism operators, local agriculture;EUR;20000;180000;650;LOW_MEDIUM;14°C to 24°C;Mediterranean, mild winters, warm summers;Angra do Heroísmo is a UNESCO World Heritage site known for its colonial architecture and rich maritime history;30% (Bachelor), 8% (Master), 3% (PhD);2;University of the Azores, Angra Polytechnic Institute;10+;"PORTUGUESE;ENGLISH;SPANISH";Historic, picturesque, and community-oriented with a laid-back coastal vibe;;;;
Ankara;CIT-000087;TR;FALSE;;5.1 million (Foreign Born: 500,000);Several;1;Turkish government, ASELSAN, Hacettepe University;EUR;15000;90000;400;MEDIUM;−4°C to 30°C;Continental, cold winters, hot summers;Ankara is the capital of Turkey and is known for its political and historical significance;40% (Bachelor), 15% (Master), 6% (PhD);6;Middle East Technical University, Ankara University;50+;"TURKISH;ENGLISH;KURDISH";Political, modern, and intellectual with a strong cultural heritage;;;;
Pasadena;CIT-000108;US;FALSE;California;;;;;USD;;;;;;;;;;;;ENGLISH;;;;;
Ankeny;CIT-000088;US;FALSE;;70,000 (Foreign Born: 5,000);Few;1;Local manufacturing firms, retail chains;USD;55000;320000;1000;MEDIUM;−8°C to 29°C;Humid continental, cold winters, warm summers;Ankeny is a growing suburb of Des Moines, known for its parks and vibrant local community;30% (Bachelor), 8% (Master), 3% (PhD);1;Des Moines Area Community College (Ankeny campus);10+;"ENGLISH;SPANISH";Suburban, family-oriented, and centered around local development and community;;;;
Ann Arbor;CIT-000089;US;FALSE;;120,000 (Foreign Born: 25,000);Few;1;University of Michigan, healthcare, tech startups;USD;75000;450000;1800;HIGH;−6°C to 29°C;Humid continental, cold winters, warm summers;Ann Arbor is home to the University of Michigan and is known for its strong focus on education, culture, and technology;55% (Bachelor), 20% (Master), 10% (PhD);8;University of Michigan, Concordia University Ann Arbor;40+;"ENGLISH;SPANISH;CHINESE_MANDARIN";Academic, innovative, and vibrant with a progressive, intellectual atmosphere;;;;
Annaba;CIT-000090;DZ;FALSE;;250,000 (Foreign Born: 20,000);Few;1;ArcelorMittal Annaba, port authorities;USD;12000;50000;250;MEDIUM;14°C to 30°C;Mediterranean, mild winters, hot summers;Annaba is an important port city in Algeria, known for its beaches and the ancient ruins of Hippone;28% (Bachelor), 10% (Master), 4% (PhD);2;University of Annaba, High Institute of Business Management;15+;"ARABIC;BERBER;FRENCH;ENGLISH";Historic, coastal, and deeply rooted in its cultural and economic significance;;;;
Annecy;CIT-000091;FR;FALSE;;130,000 (Foreign Born: 15,000);Few;1;Tourism operators, tech startups;EUR;40000;450000;1400;HIGH;5°C to 20°C;Oceanic, mild winters, cool summers;Annecy is known for its stunning lakeside scenery, medieval old town, and proximity to the Alps;40% (Bachelor), 15% (Master), 6% (PhD);3;University of Savoie Mont Blanc, ESIGEC Annecy;30+;"FRENCH;ENGLISH;ITALIAN";Scenic, relaxed, and outdoorsy with a focus on tourism and cultural heritage;;;;
Ansan;CIT-000092;KR;FALSE;;700,000 (Foreign Born: 100,000);Several;1;Samsung, LG Chem, local manufacturing;USD;32000;180000;700;MEDIUM;−5°C to 30°C;Continental, cold winters, hot summers;Ansan is a major industrial city and a hub for technology and manufacturing in South Korea;40% (Bachelor), 12% (Master), 5% (PhD);3;University of Incheon, Ansan University;20+;"KOREAN;ENGLISH";Industrial, innovative, and diverse with a strong focus on technology;;;;
Antalya;CIT-000093;TR;FALSE;;1.3 million (Foreign Born: 80,000);Few;1;Tourism operators, local agriculture;EUR;10000;80000;350;LOW_MEDIUM;10°C to 30°C;Mediterranean, mild winters, hot summers;Antalya is a famous resort city on the Turkish Riviera, known for its beaches, luxury resorts, and historical sites;35% (Bachelor), 10% (Master), 4% (PhD);4;Akdeniz University, Antalya Bilim University;30+;"TURKISH;ENGLISH;GERMAN";Coastal, relaxed, and tourist-focused with a strong connection to nature;;;;
Antioch;CIT-000094;US;FALSE;;115,000 (Foreign Born: 30,000);Few;1;Manufacturing firms, retail chains;USD;65000;650000;2100;MEDIUM_HIGH;4°C to 34°C;Mediterranean, hot summers, mild winters;Antioch is located in the East Bay region of the San Francisco Bay Area, known for its historic downtown and access to outdoor recreation;30% (Bachelor), 8% (Master), 3% (PhD);2;California State University East Bay (Antioch campus), Diablo Valley College;20+;"ENGLISH;SPANISH;TAGALOG";Suburban, family-oriented, and focused on growth and community development;;;;
Antofagasta;CIT-000095;CL;FALSE;;400,000 (Foreign Born: 25,000);Few;1;Antofagasta Minerals, port authorities;USD;14000;120000;500;MEDIUM;15°C to 25°C;Desert, mild winters, hot summers;Antofagasta is an important port city and mining hub, located in northern Chile;30% (Bachelor), 10% (Master), 4% (PhD);2;Universidad de Antofagasta, Instituto Profesional Los Leones;10+;"SPANISH;ENGLISH";Industrial, coastal, and focused on mining and economic development;;;;
Antwerp;CIT-000096;BE;FALSE;;530,000 (Foreign Born: 200,000);Several;1;Port of Antwerp, diamond firms, chemical manufacturers;EUR;45000;350000;1300;HIGH;4°C to 22°C;Oceanic, mild winters, cool summers;Antwerp is known for its fashion industry, diamond district, and rich cultural heritage;45% (Bachelor), 15% (Master), 8% (PhD);5;University of Antwerp, Antwerp Management School;50+;"DUTCH;FRENCH;ENGLISH;GERMAN";Fashionable, historical, and cosmopolitan with a focus on commerce and culture;;;;
Aosta;CIT-000097;IT;FALSE;;34,000 (Foreign Born: 2,000);Few;1;Tourism operators, local agriculture;EUR;30000;350000;1000;MEDIUM;−2°C to 20°C;Alpine, cold winters, mild summers;Aosta is a charming medieval town in the Italian Alps, known for its Roman architecture and ski resorts;40% (Bachelor), 12% (Master), 5% (PhD);2;University of Aosta Valley, Istituto di Istruzione Superiore;10+;"ITALIAN;FRENCH;ENGLISH";Scenic, relaxed, and closely connected to nature and history;;;;
Apex;CIT-000098;US;FALSE;;60,000 (Foreign Born: 10,000);Few;1;Cisco Systems, local tech and manufacturing firms;USD;75000;430000;1600;MEDIUM_HIGH;2°C to 31°C;Humid subtropical, hot summers, mild winters;Apex is a suburban town near Raleigh, known for its historic downtown and family-friendly atmosphere;35% (Bachelor), 10% (Master), 4% (PhD);1;Wake Technical Community College (Apex campus);20+;"ENGLISH;SPANISH;TAMIL";Suburban, family-oriented, and community-focused with a small-town vibe;;;;
Apple Valley;CIT-000099;US;FALSE;;56,000 (Foreign Born: 6,000);Few;1;Local healthcare providers, retail chains;USD;60000;340000;1200;MEDIUM;−8°C to 30°C;Humid continental, cold winters, warm summers;Apple Valley is a suburban city known for its parks, family-friendly environment, and the Minnesota Zoo;40% (Bachelor), 15% (Master), 6% (PhD);2;University of Minnesota (Apple Valley campus), Dakota County Technical College;30+;"ENGLISH;SPANISH;SOMALI";Suburban, family-friendly, and growing with a focus on recreation and education;;;;
Appleton;CIT-000100;US;FALSE;;75,000 (Foreign Born: 4,000);Few;1;Paper industry, healthcare, education institutions;USD;52000;250000;900;LOW_MEDIUM;−7°C to 28°C;Humid continental, cold winters, warm summers;Appleton is known for its paper industry history and is home to Lawrence University and several cultural institutions;35% (Bachelor), 10% (Master), 5% (PhD);3;Lawrence University, Fox Valley Technical College;10+;"ENGLISH;SPANISH;HMONG";Historic, community-focused, and culturally rich with a focus on education;;;;
Cambridge;CIT-000101;US;FALSE;Massachusetts;;;;;USD;;;;;;;;;;;;ENGLISH;;;;;
Stanford;CIT-000102;US;FALSE;California;;;;;USD;;;;;;;;;;;;ENGLISH;;;;;
Cambridge;CIT-000103;GB;FALSE;England;;;;;GBP;;;;;;;;;;;;ENGLISH;;;;;
Berkeley;CIT-000104;US;FALSE;California;;;;;USD;;;;;;;;;;;;ENGLISH;;;;;
Princeton;CIT-000105;US;FALSE;New Jersey;;;;;USD;;;;;;;;;;;;ENGLISH;;;;;
New Haven;CIT-000110;US;FALSE;Connecticut;;;;;USD;;;;;;;;;;;;ENGLISH;;;;;
Los Angeles;CIT-000111;US;FALSE;California;;;;;USD;;;;;;;;;;;;ENGLISH;;;;;
Seattle;CIT-000112;US;FALSE;Washington;;;;;USD;;;;;;;;;;;;ENGLISH;;;;;
Ithaca;CIT-000113;US;FALSE;New York;;;;;USD;;;;;;;;;;;;ENGLISH;;;;;
San Diego;CIT-000114;US;FALSE;California;;;;;USD;;;;;;;;;;;;ENGLISH;;;;;
London;CIT-000115;GB;TRUE;England;;;;;GBP;;;;;;;;;;;;ENGLISH;;;;;
Philadelphia;CIT-000116;US;FALSE;Pennsylvania;;;;;USD;;;;;;;;;;;;ENGLISH;;;;;
Baltimore;CIT-000117;US;FALSE;Maryland;;;;;USD;;;;;;;;;;;;ENGLISH;;;;;
Zurich;CIT-000118;CH;FALSE;;;;;;CHF;;;;;;;;;;;;GERMAN;;;;;
St. Louis;CIT-000119;US;FALSE;Missouri;;;;;USD;;;;;;;;;;;;ENGLISH;;;;;
San Francisco;CIT-000120;US;FALSE;California;;;;;USD;;;;;;;;;;;;ENGLISH;;;;;
Evanston;CIT-000121;US;FALSE;Illinois;;;;;USD;;;;;;;;;;;;ENGLISH;;;;;
Toronto;CIT-000122;CA;FALSE;Ontario;;;;;CAD;;;;;;;;;;;;ENGLISH;;;;;
Tokyo;CIT-000123;JP;TRUE;;;;;;JPY;;;;;;;;;;;;JAPANESE;;;;;
Durham;CIT-000124;US;FALSE;North Carolina;;;;;USD;;;;;;;;;;;;ENGLISH;;;;;
Madison;CIT-000125;US;FALSE;Wisconsin;;;;;USD;;;;;;;;;;;;ENGLISH;;;;;
Copenhagen;CIT-000126;DK;TRUE;;;;;;DKK;;;;;;;;;;;;DANISH;;;;;
Vancouver;CIT-000127;CA;FALSE;British Columbia;;;;;CAD;;;;;;;;;;;;ENGLISH;;;;;
Edinburgh;CIT-000128;GB;FALSE;Scotland;;;;;GBP;;;;;;;;;;;;ENGLISH;;;;;
Chapel Hill;CIT-000129;US;FALSE;North Carolina;;;;;USD;;;;;;;;;;;;ENGLISH;;;;;
Minneapolis;CIT-000130;US;FALSE;Minnesota;;;;;USD;;;;;;;;;;;;ENGLISH;;;;;
Kyoto;CIT-000131;JP;FALSE;;;;;;JPY;;;;;;;;;;;;JAPANESE;;;;;
Urbana and Champaign;CIT-000132;US;FALSE;Illinois;;;;;USD;;;;;;;;;;;;ENGLISH;;;;;
Manchester;CIT-000133;GB;FALSE;England;;;;;GBP;;;;;;;;;;;;ENGLISH;;;;;
Melbourne;CIT-000134;AU;FALSE;Victoria;;;;;AUD;;;;;;;;;;;;ENGLISH;;;;;
Paris;CIT-000135;FR;TRUE;;;;;;EUR;;;;;;;;;;;;FRENCH;;;;;
Orsay;CIT-000136;FR;FALSE;;;;;;EUR;;;;;;;;;;;;FRENCH;;;;;
Heidelberg;CIT-000137;DE;FALSE;Baden-Württemberg;;;;;EUR;;;;;;;;;;;;GERMAN;;;;;
Boulder;CIT-000138;US;FALSE;Colorado;;;;;USD;;;;;;;;;;;;ENGLISH;;;;;
Stockholm;CIT-000139;SE;TRUE;;;;;;SEK;;;;;;;;;;;;SWEDISH;;;;;
Santa Barbara;CIT-000140;US;FALSE;California;;;;;USD;;;;;;;;;;;;ENGLISH;;;;;
Utrecht;CIT-000141;NL;FALSE;;;;;;EUR;;;;;;;;;;;;DUTCH;;;;;
Dallas;CIT-000142;US;FALSE;Texas;;;;;USD;;;;;;;;;;;;ENGLISH;;;;;
Beijing;CIT-000143;CN;TRUE;;;;;;CNY;;;;;;;;;;;;CHINESE_MANDARIN;;;;;
Munich;CIT-000144;DE;FALSE;;;;;;EUR;;;;;;;;;;;;GERMAN;;;;;
Austin;CIT-000145;US;FALSE;Texas;;;;;USD;;;;;;;;;;;;ENGLISH;;;;;
Nashville;CIT-000146;US;FALSE;Tennessee;;;;;USD;;;;;;;;;;;;ENGLISH;;;;;
College Park;CIT-000147;US;FALSE;Maryland;;;;;USD;;;;;;;;;;;;ENGLISH;;;;;
Brisbane;CIT-000148;AU;FALSE;Queensland;;;;;AUD;;;;;;;;;;;;ENGLISH;;;;;
Helsinki;CIT-000149;FI;TRUE;;;;;;EUR;;;;;;;;;;;;FINNISH;;;;;
Groningen;CIT-000150;NL;FALSE;;;;;;EUR;;;;;;;;;;;;DUTCH;;;;;
Geneva;CIT-000151;CH;FALSE;;;;;;CHF;;;;;;;;;;;;FRENCH;;;;;
Bristol;CIT-000152;GB;FALSE;England;;;;;GBP;;;;;;;;;;;;ENGLISH;;;;;
Oslo;CIT-000153;NO;TRUE;;;;;;NOK;;;;;;;;;;;;NORWEGIAN;;;;;
Uppsala;CIT-000154;SE;FALSE;;;;;;SEK;;;;;;;;;;;;SWEDISH;;;;;
Irvine;CIT-000155;US;FALSE;California;;;;;USD;;;;;;;;;;;;ENGLISH;;;;;
Hamilton;CIT-000156;CA;FALSE;Ontario;;;;;CAD;;;;;;;;;;;;ENGLISH;;;;;
Montreal;CIT-000157;CA;FALSE;Quebec;;;;;CAD;;;;;;;;;;;;FRENCH;;;;;
Pittsburgh;CIT-000158;US;FALSE;Pennsylvania;;;;;USD;;;;;;;;;;;;ENGLISH;;;;;
Ghent;CIT-000159;BE;FALSE;;;;;;EUR;;;;;;;;;;;;DUTCH;;;;;
Rochester;CIT-000160;US;FALSE;Minnesota;;;;;USD;;;;;;;;;;;;ENGLISH;;;;;
Rotterdam;CIT-000161;NL;FALSE;;;;;;EUR;;;;;;;;;;;;DUTCH;;;;;
Houston;CIT-000162;US;FALSE;Texas;;;;;USD;;;;;;;;;;;;ENGLISH;;;;;
Lausanne;CIT-000163;CH;FALSE;;;;;;CHF;;;;;;;;;;;;FRENCH;;;;;
West Lafayette;CIT-000164;US;FALSE;Indiana;;;;;USD;;;;;;;;;;;;ENGLISH;;;;;
New Brunswick;CIT-000165;US;FALSE;New Jersey;;;;;USD;;;;;;;;;;;;ENGLISH;;;;;
Boston;CIT-000166;US;FALSE;Massachusetts;;;;;USD;;;;;;;;;;;;ENGLISH;;;;;
Columbus;CIT-000167;US;FALSE;Ohio;;;;;USD;;;;;;;;;;;;ENGLISH;;;;;
Sydney;CIT-000168;AU;FALSE;New South Wales;;;;;AUD;;;;;;;;;;;;ENGLISH;;;;;
Nagoya;CIT-000169;JP;FALSE;Aichi;;;;;JPY;;;;;;;;;;;;JAPANESE;;;;;
Atlanta;CIT-000170;US;FALSE;Georgia;;;;;USD;;;;;;;;;;;;ENGLISH;;;;;
University Park;CIT-000171;US;FALSE;Pennsylvania;;;;;USD;;;;;;;;;;;;ENGLISH;;;;;
Davis;CIT-000172;US;FALSE;California;;;;;USD;;;;;;;;;;;;ENGLISH;;;;;
Leiden;CIT-000173;NL;FALSE;;;;;;EUR;;;;;;;;;;;;DUTCH;;;;;
Gainesville;CIT-000174;US;FALSE;Florida;;;;;USD;;;;;;;;;;;;ENGLISH;;;;;
Leuven;CIT-000175;BE;FALSE;;;;;;EUR;;;;;;;;;;;;DUTCH;;;;;
Singapore;CIT-000176;SG;TRUE;;;;;;SGD;;;;;;;;;;;;"ENGLISH;MALAY;CHINESE_MANDARIN;TAMIL";;;;;
Perth;CIT-000177;AU;FALSE;Western Australia;;;;;AUD;;;;;;;;;;;;ENGLISH;;;;;
Moscow;CIT-000178;RU;TRUE;;;;;;RUB;;;;;;;;;;;;RUSSIAN;;;;;
Basel;CIT-000179;CH;FALSE;;;;;;CHF;;;;;;;;;;;;GERMAN;;;;;
Göttingen;CIT-000180;DE;FALSE;;;;;;EUR;;;;;;;;;;;;GERMAN;;;;;
Canberra;CIT-000181;AU;TRUE;;;;;;AUD;;;;;;;;;;;;ENGLISH;;;;;
Santa Cruz;CIT-000182;US;FALSE;California;;;;;USD;;;;;;;;;;;;ENGLISH;;;;;
Cardiff;CIT-000183;GB;FALSE;Wales;;;;;GBP;;;;;;;;;;;;ENGLISH;;;;;
Tucson;CIT-000184;US;FALSE;Arizona;;;;;USD;;;;;;;;;;;;ENGLISH;;;;;
Riyadh;CIT-000185;SA;TRUE;;;;;;SAR;;;;;;;;;;;;ARABIC;;;;;
