name;slug;ownership;mission;known_for;project;research_areas;products;services;budget;founded;score;city_name;numberOfEmployees;parent_organization_name;metadata;authority;collections;description;facilities;founders;jurisdiction;members;offices;partners;personnel;programs_activities;serial_number;subsidiaries;subtype;type1;type2;student_count;undergraduates;postgraduates;countries;industries;working_area_cities
Altivara Systems;altivara-systems;Public;;Easy-to-use CRM with AI-driven customer analytics;;;"Altivara CRM Platform;Customer Insights AI";;;1991;;;RANGE_11_50;;;;;;;;;;;;;;COM-000002;6;COMPANY;International Company;;;;;;;
Pekamix Global;pekamix-global;Public;;Scalable global cloud infrastructure;;;"CloudFlex IaaS;Pekamix Cloud Storage";;;1984;;;RANGE_5000_PLUS;;;;;;;;;;;;;;COM-000003;CloudFlex Asia, CloudFlex EU;COMPANY;International Company;;;;;;;
Redmont Networks;redmont-networks;Public;;Advanced cybersecurity for enterprises;;;"SecureNet Firewall;Redmont Threat Intelligence";;;2017;;Singapore;RANGE_1001_5000;;;;;;;;;;;;;;COM-000004;;COMPANY;International Company;;;;;;;
Elevatech Cloud Services;elevatech-cloud-services;Public;;Next-gen cloud-based networking and telecom;;;"Elevate VPN;CloudConnect Telephony";;;2024;;San Francisco;RANGE_1001_5000;;;;;;;;;;;;;;COM-000005;Elevatech Networks;COMPANY;Global Company;;;;;;;
Gridline K.K.;gridline-k-k;Public;;High-performance global data center infrastructure;;;"DataVault Servers;Gridline Edge Data Centers";;;1989;;Seattle;RANGE_201_1000;;;;;;;;;;;;;;COM-000006;Gridline Asia, Gridline Europe;COMPANY;Global Company;;;;;;;
AegisPoint Infra;aegispoint-infra;Public;;Cutting-edge AI solutions for automation;;;"Aegis AI Platform;Machine Learning Modules";;;1998;;Austin;RANGE_201_1000;;;;;;;;;;;;;;COM-000007;;COMPANY;Global Company;;;;;;;
RedLock Digital;redlock-digital;Public;;Secure IoT devices for industrial applications;;;"IoT Secure Hub;Embedded Sensor Kits";;;2012;;Boston;RANGE_201_1000;;;;;;;;;;;;;;COM-000008;RedLock Embedded;COMPANY;Global Company;;;;;;;
CipherTrax Labs;ciphertrax-labs;Public;;Ultra-secure storage and backup solutions;;;"Cipher Backup Pro;Encrypted Cloud Storage";;;2026;;New York City;RANGE_1001_5000;;;;;;;;;;;;;;COM-000009;CipherTrax EU;COMPANY;International Company;;;;;;;
ByteForge Security;byteforge-security;Public;;Leading mobile and desktop security software;;;"ByteOS;ByteShield Antivirus";;;2007;;Toronto;RANGE_5000_PLUS;;;;;;;;;;;;;;COM-000010;7;COMPANY;International Company;;;;;;;
Draxenbridge Solutions;draxenbridge-solutions;Public;;Developer-centric software development and automation tools;;;"DevSuite;CodeFlow CI/CD Tools";;;1995;;Vancouver;RANGE_1001_5000;;;;;;;;;;;;;;COM-000011;8;COMPANY;International Company;;;;;;;
Tyverra Digital;tyverra-digital;Public;;Robust virtualization and container orchestration platforms;;;"Tyverra Virtualizer;Container Master";;;2019;;Montreal;RANGE_1001_5000;;;;;;;;;;;;;;COM-000012;9;COMPANY;Global Company;;;;;;;
Bravionyx Cloudworks;bravionyx-cloudworks;Public;;Integrated payment and e-commerce solutions;;;"Bravionyx Pay;E-Commerce Cloud Platform";;;1989;;;RANGE_1001_5000;;;;;;;;;;;;;;COM-000013;2;COMPANY;Global Company;;;;;;;
Klyrion Systems;klyrion-systems;Public;;Innovative wearable technology with health tracking;;;"Klyrion WearOS;SmartWatch X";;;1998;;;RANGE_201_1000;;;;;;;;;;;;;;COM-000014;3;COMPANY;Global Company;;;;;;;
LedgerWave;ledgerwave;Private;;;;;"Stock Trading;Swaps;Wealth Management";;;2003;;;RANGE_201_1000;;;;;;;;;;;;;;COM-000015;9;COMPANY;Local Company;;;;;;;
Vestrion Flow;vestrion-flow;Private;;;;;"Freight Management;SCM Consulting";;;1995;;Rotterdam;RANGE_1001_5000;;;;;;;;;;;;;;COM-000016;7;COMPANY;Local Company;;;;;;;
Steelvane Staffing;steelvane-staffing;Private;;;;;"Talent Acquisition;Executive Search";;;2010;;Chicago;RANGE_201_1000;;;;;;;;;;;;;;COM-000017;6;COMPANY;Local Company;;;;;;Recruitment;
Nanotreck Industries;nanotreck-industries;Private;;;;;"Precision Components;Machinery";;;1988;;Zurich;RANGE_1001_5000;;;;;;;;;;;;;;COM-000018;4;COMPANY;Local Company;;;;;;;
Brivona Realty;brivona-realty;Private;;;;;"Property Leasing;Facility Management";;;2005;;Toronto;RANGE_201_1000;;;;;;;;;;;;;;COM-000019;5;COMPANY;Local Company;;;;;;Real Estate;
Chinese Academy of Sciences;chinese-academy-of-sciences;;;"World's largest public research organization; major contributions to space, quantum science, and AI";;"Physics;chemistry;biology;AI;Earth science;engineering;space science";"Tens of thousands of publications annually;world-leading citation output";;Government funding, competitive grants, industry;1949;;Beijing;RANGE_5000_PLUS;;;;;;;;;;;"Universities;industry;international research institutes";;;RES-000001;100+ institutes;RESEARCH_INSTITUTE;National research organization;;;;;;;
Médecins Sans Frontières;medecins-sans-frontieres;;Provide emergency medical care where needed;Independent emergency medical aid in crises;;;;;Mostly private donors;1971;;Geneva;RANGE_5000_PLUS;;;;;;;;;;70+ countries;"Hospitals;ministries of health;UN agencies";;"Emergency medicine;epidemics;conflict response";NGO-000005;;NGO;Medical humanitarian NGO;;;;;;;
Helmholtz Association;helmholtz-association;;;Germany's largest scientific organization;;"Energy;health;Earth systems;aerospace;information;matter";"High-impact publications;major research infrastructures";;Federal and state governments, EU, industry;1995;;;RANGE_5000_PLUS;;;;;;;;;;;"Universities;European Organization for Nuclear Research;industry";;;RES-000002;18 research centers;RESEARCH_INSTITUTE;National research organization;;;;;;;
Centre National de la Recherche Scientifique;centre-national-de-la-recherche-scientifique;;;Europe's largest basic research organization;;"Natural sciences;engineering;humanities;social sciences";Among the world's highest publication outputs;;French government, EU grants;1939;;Paris;RANGE_5000_PLUS;;;;;;;;;;;"Universities;industry;international institutes";;;RES-000003;1,100+ laboratories;RESEARCH_INSTITUTE;National research organization;;;;;;;
Max Planck Society;max-planck-society;;;Fundamental research and Nobel Prize-winning science;;"Biology;physics;chemistry;medicine;computer science;humanities";"Exceptionally high citation impact;numerous Nobel-winning discoveries";;German federal and state governments;1948;;Munich;RANGE_5000_PLUS;;;;;;;;;;;Universities worldwide;;;RES-000004;84 institutes;RESEARCH_INSTITUTE;Independent research organization;;;;;;;
National Institutes of Health;national-institutes-of-health;;;World's largest public biomedical research organization;;Biomedical and clinical research;Thousands of biomedical publications annually;;U.S. federal government;1887;;;RANGE_5000_PLUS;;;;;;;;;;;"Universities;hospitals;biotech companies";;;RES-000005;27 institutes and centers;RESEARCH_INSTITUTE;Government biomedical research agency;;;;;;;
European Organization for Nuclear Research;european-organization-for-nuclear-research;;;Discovery of the Higgs boson and development of the World Wide Web;;"Particle physics;accelerator science;computing";Thousands of papers annually;;Member state contributions;1954;;Geneva;RANGE_1001_5000;;;;;;;;;;;"Universities;national laboratories";;;RES-000006;Major accelerator complexes;RESEARCH_INSTITUTE;International research organization;;;;;;;
Fraunhofer Society;fraunhofer-society;;;Europe's leading applied research network;;"Applied engineering;manufacturing;AI;materials;ICT";Thousands of patents and industry publications;;Government funding, industrial contracts;1949;;Munich;RANGE_5000_PLUS;;;;;;;;;;;"Companies;universities";;;RES-000007;76 institutes;RESEARCH_INSTITUTE;Applied research organization;;;;;;;
Commonwealth Scientific and Industrial Research Organisation;commonwealth-scientific-and-industrial-research-organisation;;;Wi-Fi innovations, agriculture, environmental science;;"Agriculture;climate;mining;health;energy;digital technologies";"Thousands of publications;patents;and commercial technologies";;Australian government, industry, grants;1916;;Canberra;RANGE_5000_PLUS;;;;;;;;;;;"Universities;government;industry";;;RES-000008;50+ sites;RESEARCH_INSTITUTE;National research agency;;;;;;;
RIKEN;riken;;;Home of the Fugaku supercomputer and advanced biomedical research;;"Physics;chemistry;life sciences;supercomputing;AI";High-impact publications in life sciences and computing;;Japanese government, grants;1917;;;RANGE_1001_5000;;;;;;;;;;;"Universities;industry;international institutes";;;RES-000009;7 major campuses and research centers;RESEARCH_INSTITUTE;National research institute;;;;;;;
Argonne National Laboratory;argonne-national-laboratory;;;Advanced Photon Source, exascale computing, clean energy research;;"Energy;computing;materials science;nuclear science;AI";Thousands of publications and major user-facility research;;U.S. federal government;1946;;;RANGE_1001_5000;;;;;;;;;;;"Universities;industry;national laboratories";;;RES-000010;Multiple scientific divisions and facilities;RESEARCH_INSTITUTE;National laboratory;;;;;;;
BRAC;brac;;Reduce poverty and empower people through sustainable development;"World's largest NGO by workforce; major poverty reduction programs";;;;;Donations, governments, development banks, enterprises;1972;;;RANGE_5000_PLUS;;;;;;;;;;10+ countries;"UNICEF;World Bank";;"Education;health;microfinance;agriculture;livelihoods";NGO-000001;;NGO;International development NGO;;;;;;;
World Vision International;world-vision-international;;Improve children's lives and communities;One of the largest child-focused NGOs;;;;;Child sponsorship, donations, government grants;1950;;;RANGE_5000_PLUS;;;;;;;;;;~100 countries;"United Nations;governments";;"Child sponsorship;disaster relief;WASH;health";NGO-000002;;NGO;Christian humanitarian NGO;;;;;;;
The Salvation Army;the-salvation-army;;Meet human needs without discrimination;Extensive social services and emergency response;;;;;Donations, thrift stores, government contracts;1865;;London;RANGE_5000_PLUS;;;;;;;;;;130+ countries;"Governments;local charities";;"Homelessness;disaster relief;addiction recovery";NGO-000003;;NGO;Faith-based humanitarian NGO;;;;;;;
CARE International;care-international;;Defeat poverty and achieve social justice;Women's empowerment and humanitarian response;;;;;Institutional donors, governments, individuals;1945;;Geneva;RANGE_5000_PLUS;;;;;;;;;;100+ countries;"European Union;United Nations";;"Food security;women's empowerment;emergency relief";NGO-000004;;NGO;Humanitarian NGO;;;;;;;
Oxfam International;oxfam-international;;End poverty and inequality;Campaigns against inequality and humanitarian assistance;;;;;Public donations, governments, foundations;1995 (confederation);;;RANGE_5000_PLUS;;;;;;;;;;80+ countries;"UN agencies;NGOs";;"Humanitarian aid;advocacy;economic justice";NGO-000006;;NGO;Humanitarian & advocacy NGO;;;;;;;
Save the Children;save-the-children;;Improve children's lives worldwide;Global leader in child welfare and emergency response;;;;;Donations, governments, foundations;1919;;London;RANGE_5000_PLUS;;;;;;;;;;100+ countries;"UNICEF;governments";;"Child protection;education;nutrition;emergencies";NGO-000007;;NGO;Children's rights NGO;;;;;;;
International Rescue Committee;international-rescue-committee;;Help people affected by conflict and disaster;Refugee protection and resettlement;;;;;Governments, foundations, private donors;1933;;New York City;RANGE_5000_PLUS;;;;;;;;;;40+ countries;United Nations High Commissioner for Refugees;;"Refugee assistance;health;education;economic recovery";NGO-000008;;NGO;Humanitarian NGO;;;;;;;
Mercy Corps;mercy-corps;;Build resilient communities and reduce suffering;Innovation in resilience and development programs;;;;;Government grants, donations, foundations;1979;;;RANGE_5000_PLUS;;;;;;;;;;40+ countries;"USAID;UN agencies;local NGOs";;"Food security;climate resilience;economic development";NGO-000009;;NGO;Humanitarian & development NGO;;;;;;;
Habitat for Humanity International;habitat-for-humanity-international;;Build decent and affordable housing;Largest volunteer-driven affordable housing organization;;;;;Donations, corporate sponsors, grants;1976;;;RANGE_1001_5000;;;;;;;;;;70+ countries;"Governments;corporations;local nonprofits";;"Home construction;disaster recovery;housing finance";NGO-000010;;NGO;Housing NGO;;;;;;;
Department of Education;department-of-education;;;;;;;;~$250 billion (varies with student loan activity);1979;;;;;;;;;;"Department of Health;Education;and Welfare";Federal education policy and student aid;;;;;;AGE-000008;;GOVERNMENT;;;;;;;;
Department of Energy (DOE);department-of-energy-doe;;;;;;;;~$50–60 billion;1977;;;;;;;;;;Energy Research and Development Administration and Federal Energy Administration;Energy policy, nuclear security, scientific research;;;;;;AGE-000010;;GOVERNMENT;;;;;;;;
Securities and Exchange Commission (SEC);securities-and-exchange-commission-sec;;;;;;;;~$2.6 billion;1934;;;RANGE_5000_PLUS;;;;;;;;U.S. securities markets;;;;;;AGE-000011;11 Regional Offices, Divisions, and Offices;GOVERNMENT;;;;;;;;
Federal Trade Commission (FTC);federal-trade-commission-ftc;;;;;;;;~$500 million;1914;;;RANGE_1001_5000;;;;;Regulates securities markets, protects investors, and enforces securities laws;;;Commerce and consumer protection;;;;;;AGE-000012;Regional Offices, Bureaus of Competition, Consumer Protection, and Economics;GOVERNMENT;;;;;;;;
Federal Communications Commission (FCC);federal-communications-commission-fcc;;;;;;;;~$390 million;1934;;;RANGE_1001_5000;;;;;Enforces antitrust and consumer protection laws;;;Telecommunications, broadcasting, satellite, broadband;;;;;;AGE-000013;Enforcement Bureau, Media Bureau, Wireline Competition Bureau, regional field operations;GOVERNMENT;;;;;;;;
Nuclear Regulatory Commission (NRC);nuclear-regulatory-commission-nrc;;;;;;;;~$1.1 billion;1974;;;RANGE_1001_5000;;;;;Regulates interstate and international communications;;;Civilian nuclear safety;;;;;;AGE-000014;Four Regional Offices and program offices;GOVERNMENT;;;;;;;;
Federal Energy Regulatory Commission (FERC);federal-energy-regulatory-commission-ferc;;;;;;;;~$550 million;1977;;;RANGE_1001_5000;;;;;Licenses and regulates civilian nuclear facilities and materials;;;Interstate energy infrastructure and wholesale energy markets;;;;;;AGE-000015;Office of Energy Projects, Office of Enforcement, regional operations;GOVERNMENT;;;;;;;;
Equal Employment Opportunity Commission (EEOC);equal-employment-opportunity-commission-eeoc;;;;;;;;~$450 million;1965;;;RANGE_1001_5000;;;;;Regulates interstate electricity, natural gas, LNG, and hydropower;;;Employment discrimination;;;;;;AGE-000016;15 District Offices, Field Offices, Area Offices;GOVERNMENT;;;;;;;;
Consumer Product Safety Commission (CPSC);consumer-product-safety-commission-cpsc;;;;;;;;~$180 million;1972;;;RANGE_201_1000;;;;;Enforces federal workplace anti-discrimination laws;;;Consumer product safety;;;;;;AGE-000017;Office of Compliance, Office of Hazard Identification, National Product Testing Center;GOVERNMENT;;;;;;;;
Commodity Futures Trading Commission (CFTC);commodity-futures-trading-commission-cftc;;;;;;;;~$400 million;1974;;;RANGE_201_1000;;;;;Protects consumers from hazardous products;;;Commodity futures and derivatives markets;;;;;;AGE-000018;Divisions of Market Oversight, Enforcement, Clearing and Risk, regional offices;GOVERNMENT;;;;;;;;
Federal Election Commission (FEC);federal-election-commission-fec;;;;;;;;~$95 million;1975;;;RANGE_201_1000;;;;;Regulates derivatives, futures, and swaps markets;;;Federal elections and campaign finance;;;;;;AGE-000019;Office of General Counsel, Reports Analysis Division, Audit Division;GOVERNMENT;;;;;;;;
United States International Trade Commission (USITC);united-states-international-trade-commission-usitc;;;;;;;;~$130 million;1916 (as the U.S. Tariff Commission);;;RANGE_201_1000;;;;;Administers and enforces federal campaign finance laws;;;International trade and import investigations;;;;;;AGE-000020;Office of Investigations, Office of Economics, Office of Unfair Import Investigations;GOVERNMENT;;;;;;;;
Department of Defense (DoD);department-of-defense-dod;;;;;;;;;1947;;;RANGE_5000_PLUS;;;;;Conducts trade investigations and advises on international trade policy;;;Worldwide;;;;;"National defense;military operations;cybersecurity;research;procurement";GOV-000001;Army, Navy, Air Force, Marine Corps, Space Force, Joint Staff, Defense Agencies;GOVERNMENT;;;;;;;;
Department of Veterans Affairs (VA);department-of-veterans-affairs-va;;;;;;;;;1930 (Cabinet status 1989);;;RANGE_5000_PLUS;;;;;Oversees U.S. military and national defense;;;United States;;;;;"Veteran healthcare;disability compensation;pensions;education benefits";GOV-000002;Veterans Health Administration (VHA), Veterans Benefits Administration (VBA), National Cemetery Administration (NCA);GOVERNMENT;;;;;;;;
Department of Homeland Security (DHS);department-of-homeland-security-dhs;;;;;;;;;2002;;;RANGE_5000_PLUS;;;;;Provides healthcare and benefits to veterans;;;United States;;;;;"Border security;immigration;cybersecurity;emergency management;transportation security";GOV-000003;FEMA, TSA, CBP, ICE, USCIS, Secret Service, Coast Guard, CISA (Wikipedia);GOVERNMENT;;;;;;;;
Department of Justice (DOJ);department-of-justice-doj;;;;;;;;;1870;;;RANGE_5000_PLUS;;;;;Protects the U.S. from terrorism and manages border security;;;United States;;;;;"Criminal prosecution;civil litigation;law enforcement;civil rights";GOV-000004;FBI, DEA, ATF, U.S. Marshals Service, Bureau of Prisons, U.S. Attorneys (Wikipedia);GOVERNMENT;;;;;;;;
Department of the Treasury;department-of-the-treasury;;;;;;;;;1789;;;RANGE_5000_PLUS;;;;;Enforces federal law and administers justice;;;United States;;;;;"Tax collection;public debt;currency production;financial sanctions";GOV-000005;IRS, U.S. Mint, OCC, FinCEN, Bureau of Fiscal Service (Wikipedia);GOVERNMENT;;;;;;;;
Department of Health and Human Services (HHS);department-of-health-and-human-services-hhs;;;;;;;;;1953;;;RANGE_5000_PLUS;;;;;Manages federal finances and tax collection;;;United States;;;;;"Medicare;Medicaid;disease control;biomedical research;public health";GOV-000006;CDC, NIH, FDA, CMS, ACF, HRSA;GOVERNMENT;;;;;;;;
Department of Agriculture (USDA);department-of-agriculture-usda;;;;;;;;;1862;;;RANGE_5000_PLUS;;;;;Protects public health and administers health programs;;;United States;;;;;"Food safety;nutrition assistance;farming support;forestry";GOV-000007;Forest Service, Food Safety & Inspection Service, Farm Service Agency, NRCS, APHIS (Wikipedia);GOVERNMENT;;;;;;;;
Department of the Interior (DOI);department-of-the-interior-doi;;;;;;;;;1849;;;RANGE_5000_PLUS;;;;;Supports agriculture and rural development;;;United States;;;;;"National parks;wildlife conservation;tribal affairs;resource management";GOV-000008;National Park Service, Bureau of Land Management, U.S. Geological Survey, Fish & Wildlife Service, Bureau of Indian Affairs (Wikipedia);GOVERNMENT;;;;;;;;
Department of Transportation (DOT);department-of-transportation-dot;;;;;;;;;1967;;;RANGE_5000_PLUS;;;;;Manages public lands and natural resources;;;United States;;;;;"Aviation;highways;rail;transit;maritime safety";GOV-000009;FAA, FHWA, FRA, FTA, NHTSA, Maritime Administration (Wikipedia);GOVERNMENT;;;;;;;;
Department of State;department-of-state;;;;;;;;;1789;;;RANGE_5000_PLUS;;;;;Oversees transportation systems and infrastructure;;;Worldwide;;;;;"Diplomacy;embassies;passports;visas;foreign assistance";GOV-000010;Foreign Service, U.S. Embassies & Consulates, Bureau of Consular Affairs, USAID coordination (where applicable) (Wikipedia);GOVERNMENT;;;;;;;;
Library of Congress (United States);library-of-congress-united-states;;;;;;;"Research services;copyright registration;digitization;preservation;exhibitions;cataloging";US$900M+;1800;;;RANGE_1001_5000;;;;Books, manuscripts, maps, photographs, newspapers, films, recordings, digital collections;Conducts foreign policy and diplomacy;;;;;;;;;LIB-000001;;LIBRARY;;;;;;;;
British Library (United Kingdom);british-library-united-kingdom;;;;;;;"Reading rooms;research support;legal deposit;digitization;business services";£170M+;1973 (collections date back centuries);;London;RANGE_1001_5000;;;;Books, manuscripts, newspapers, maps, patents, sound archives, digital collections;;;;;;;;;;LIB-000002;;LIBRARY;;;;;;;;
National Library of China;national-library-of-china;;;;;;;"National bibliography;preservation;research;digitization";Not publicly disclosed;1909;;Beijing;RANGE_1001_5000;;;;Chinese books, rare manuscripts, local gazetteers, digital resources, foreign publications;;;;;;;;;;LIB-000003;;LIBRARY;;;;;;;;
Russian State Library;russian-state-library;;;;;;;"Research;interlibrary loan;digital library;preservation";Not publicly disclosed;1862;;Moscow;RANGE_1001_5000;;;;Books, dissertations, maps, music, newspapers, manuscripts;;;;;;;;;;LIB-000004;;LIBRARY;;;;;;;;
National Diet Library (Japan);national-diet-library-japan;;;;;;;"Parliamentary research;legal deposit;digitization;public reference";¥20B+;1948;;;RANGE_201_1000;;;;Books, journals, official publications, maps, digital archives;;;;;;;;;;LIB-000005;;LIBRARY;;;;;;;;
Bibliothèque nationale de France (BnF);bibliotheque-nationale-de-france-bnf;;;;;;;"Research;preservation;legal deposit;exhibitions;digital library (Gallica)";€250M+;1461 (royal origins);;Paris;RANGE_1001_5000;;;;Books, manuscripts, prints, photographs, coins, maps, digital collections;;;;;;;;;;LIB-000006;;LIBRARY;;;;;;;;
Berlin State Library (Staatsbibliothek zu Berlin);berlin-state-library-staatsbibliothek-zu-berlin;;;;;;;"Research support;digitization;special collections";€100M+;1661;;;RANGE_201_1000;;;;Books, manuscripts, maps, music, newspapers, oriental collections;;;;;;;;;;LIB-000007;;LIBRARY;;;;;;;;
New York Public Library (NYPL);new-york-public-library-nypl;;;;;;;"Lending;research;literacy;education;digital access";US$400M+;1895;;New York City;RANGE_1001_5000;;;;Books, manuscripts, archives, photographs, digital collections;;;;;;;;;;LIB-000008;;LIBRARY;;;;;;;;
National Library of Russia;national-library-of-russia;;;;;;;"National bibliography;research;preservation;digitization";Not publicly disclosed;1795;;;RANGE_1001_5000;;;;Books, manuscripts, maps, journals, newspapers, rare books;;;;;;;;;;LIB-000009;;LIBRARY;;;;;;;;
National Library of Spain (Biblioteca Nacional de España);national-library-of-spain-biblioteca-nacional-de-espana;;;;;;;"Legal deposit;research;preservation;digitization;exhibitions";€60M+;1712;;;RANGE_201_1000;;;;Books, manuscripts, maps, prints, music, audiovisual materials;;;;;;;;;;LIB-000010;;LIBRARY;;;;;;;;
Social Security Administration (SSA);social-security-administration-ssa;;;;;;;"Retirement benefits;disability insurance;Medicare enrollment;Social Security numbers";US$1.5T+ (benefit payments & operations);1935;;;RANGE_5000_PLUS;;;;;;;;;;;;;;SER-000001;Office of Retirement & Disability Policy, Office of Operations, Office of Hearings Operations;GOVERNMENT;;;;;;;;
National Park Service (NPS);national-park-service-nps;;;;;;;"Park management;conservation;recreation;education";US$4B+;1916;;;RANGE_5000_PLUS;;;;;Operates the nation's largest integrated healthcare system;;;;;;;;;SER-000007;National Parks, National Monuments, Historic Sites, National Recreation Areas;GOVERNMENT;;;;;;;;
U.S. Postal Service (USPS);u-s-postal-service-usps;;;;;;;"Mail delivery;package shipping;retail postal services";US$80B+;1775 (independent establishment since 1971);;;RANGE_5000_PLUS;;;;;Regulates civil aviation and manages U.S. air traffic;;;;;;;;;SER-000009;Postal Districts, Processing & Distribution Centers, Retail Post Offices, Postal Inspection Service;GOVERNMENT;;;;;;;;
Small Business Administration (SBA);small-business-administration-sba;;;;;;;"Business financing;disaster loans;government contracting";"US$1–2B (operating; loan programs much larger)";1953;;;RANGE_1001_5000;;;;;Provides nationwide mail and package delivery;;;;;;;;;SER-000010;7(a) Loan Program, 504 Loan Program, Disaster Loan Program, SCORE, Small Business Development Centers (SBDCs);GOVERNMENT;;;;;;;;
Cybersecurity Directorate (CSD);cybersecurity-directorate-csd;;;;;;;;US$2B+;2018;;;RANGE_1001_5000;;;;;Supports small businesses through loans and counseling;;;;;;;;"Cyber defense;vulnerability management;incident response;Secure by Design initiatives";DIR-000001;Joint Cyber Defense Collaborative (JCDC), Vulnerability Management, Cyber Defense Operations, Stakeholder Engagement;GOVERNMENT;;;;;;;;
Science Directorate;science-directorate;;;;;;;;US$1B+;2003;;;RANGE_1001_5000;;;;;Leads national cybersecurity operations, risk management, and critical infrastructure protection;;;;;;;;"Homeland security R&D;testing;emerging technologies;first responder technologies";DIR-000002;Office of National Laboratories, Chemical Security Analysis Center, Counter-UAS Program;GOVERNMENT;;;;;;;;
Directorate for Technology, Innovation and Partnerships (TIP);directorate-for-technology-innovation-and-partnerships-tip;;;;;;;;US$1.5B+;2022;;Alexandria;RANGE_201_1000;;;;;Supports scientific research, technology development, and standards for homeland security;;;;;;;;"AI;quantum;biotechnology;regional innovation;technology translation";DIR-000003;Regional Innovation Engines, Convergence Accelerator, Innovation Corps (I-Corps);GOVERNMENT;;;;;;;;
Directorate for Geosciences (GEO);directorate-for-geosciences-geo;;;;;;;;US$1.5B+;1980;;Alexandria;RANGE_201_1000;;;;;Accelerates emerging technologies and commercialization;;;;;;;;"Climate science;oceanography;atmospheric science;polar research";DIR-000004;Division of Atmospheric & Geospace Sciences, Division of Earth Sciences, Division of Ocean Sciences;GOVERNMENT;;;;;;;;
Directorate for Biological Sciences (BIO);directorate-for-biological-sciences-bio;;;;;;;;US$1B+;1970s;;Alexandria;RANGE_201_1000;;;;;Funds research on Earth, oceans, atmosphere, and polar science;;;;;;;;"Genetics;ecology;molecular biology;neuroscience;biodiversity";DIR-000005;Division of Environmental Biology, Molecular & Cellular Biosciences, Integrative Organismal Systems;GOVERNMENT;;;;;;;;
Directorate for Engineering (ENG);directorate-for-engineering-eng;;;;;;;;US$1B+;1980;;Alexandria;RANGE_201_1000;;;;;Supports biological research across all life sciences;;;;;;;;"Advanced manufacturing;robotics;semiconductors;civil engineering";DIR-000006;"Chemical, Bioengineering, Environmental & Transport Systems; Electrical, Communications & Cyber Systems; Civil Engineering divisions";GOVERNMENT;;;;;;;;
Intelligence Directorate;intelligence-directorate;;;;;;;;Classified;2003;;;RANGE_201_1000;;;;;Oversees disaster response, recovery, and emergency operations;;;;;;;;"Intelligence analysis;information sharing;threat assessments";DIR-000008;Office of Intelligence Enterprise, Field Intelligence, Intelligence Watch Centers;GOVERNMENT;;;;;;;;
Directorate of Operations;directorate-of-operations;;;;;;;;Classified;1973 (current structure);;;CLASSIFIED;;;;;Integrates intelligence to support homeland security operations;;;;;;;;"Human intelligence (HUMINT);covert operations;foreign intelligence";DIR-000009;Mission Centers, Regional Divisions, Special Activities elements;GOVERNMENT;;;;;;;;
Directorate of Digital Innovation (DDI);directorate-of-digital-innovation-ddi;;;;;;;;Classified;2015;;;CLASSIFIED;;;;;Conducts clandestine intelligence collection and human intelligence operations;;;;;;;;"Digital intelligence;AI;software engineering;cyber operations;enterprise IT";DIR-000010;Open Source Enterprise, Digital Services, Data Engineering, Enterprise IT Offices;GOVERNMENT;;;;;;;;
International Federation of Red Cross and Red Crescent Societies (IFRC);international-federation-of-red-cross-and-red-crescent-societies-ifrc;;;World's largest humanitarian network;;;;;Member contributions, governments, foundations, donations;1919;;Geneva;RANGE_201_1000;;;;;Leads digital transformation, cloud computing, AI, and cyber capabilities;;;;;;"United Nations;WHO;NGOs;governments";;"Disaster response;health;climate resilience;humanitarian aid";CLU-000001;191 National Societies;ASSOCIATION;Humanitarian membership federation;;;;;;;
Institute of Electrical and Electronics Engineers (IEEE);institute-of-electrical-and-electronics-engineers-ieee;;;"Largest engineering association; develops major technology standards";;;;;Membership dues, publications, conferences, standards;1884;;;RANGE_1001_5000;;;;;;;;;;;"Universities;industry;governments";;"Technical standards;conferences;publications;education";CLU-000002;340+ Sections, 2,000+ Chapters;ASSOCIATION;Professional association;;;;;;;
Rotary International;rotary-international;;;Global polio eradication efforts and community service;;;;;Membership dues, Rotary Foundation, donations;1905;;Evanston;RANGE_201_1000;;;;;;;;;;;"WHO;UNICEF;Gates Foundation";;"Community service;education;health;peace initiatives";CLU-000003;46,000+ Clubs;ASSOCIATION;Service organization;;;;;;;
World Organization of the Scout Movement (WOSM);world-organization-of-the-scout-movement-wosm;;;Largest global scouting movement;;;;;Membership fees, grants, donations;1922;;;RANGE_201_1000;;;;;;;;;;;"UNESCO;UNICEF;governments";;"Youth leadership;outdoor education;citizenship";CLU-000004;176 National Scout Organizations;ASSOCIATION;Youth organization;;;;;;;
International Air Transport Association (IATA);international-air-transport-association-iata;;;Global airline standards and coordination;;;;;Membership fees, commercial services, training;1945;;Montreal;RANGE_1001_5000;;;;;;;;;;;"ICAO;airports;airlines";;"Aviation standards;safety;training;settlement systems";CLU-000005;300+ Member Airlines;ASSOCIATION;Trade association;;;;;;;
World Medical Association (WMA);world-medical-association-wma;;;Declaration of Helsinki and global medical ethics;;;;;Membership fees, grants;1947;;;RANGE_11_50;;;;;;;;;;;"WHO;national medical associations";;"Medical ethics;policy;advocacy";CLU-000006;115+ National Medical Associations;ASSOCIATION;Professional association;;;;;;;
International Bar Association (IBA);international-bar-association-iba;;;World's leading organization for legal professionals;;;;;Membership dues, events, sponsorships;1947;;London;RANGE_51_200;;;;;;;;;;;"UN;law societies;bar associations";;"Legal conferences;rule of law;publications";CLU-000007;Members in 170+ countries;ASSOCIATION;Professional association;;;;;;;
The Louvre Museum;the-louvre-museum;;;;;;;;;1793;;London;RANGE_1001_5000;;;;Paintings, sculptures, decorative arts, Islamic art, antiquities;One of the world’s oldest and most famous museums, housing human history, art, and cultural objects from around the world.;;;;;;;;;MUS-000002;;MUSEUM;;;;;;;;
World Association of Girl Guides and Girl Scouts (WAGGGS);world-association-of-girl-guides-and-girl-scouts-wagggs;;;Largest organization dedicated to girls' leadership;;;;;Membership fees, grants, philanthropy;1928;;London;RANGE_51_200;;;;;;;;;;;"UN Women;UNICEF";;"Leadership;education;gender equality";CLU-000008;153 Member Organizations;ASSOCIATION;Youth organization;;;;;;;
International Council of Museums (ICOM);international-council-of-museums-icom;;;Global museum standards and Code of Ethics;;;;;Membership dues, grants, UNESCO support;1946;;Paris;RANGE_51_200;;;;;;;;;;;"UNESCO;museums worldwide";;"Museum standards;ethics;training;cultural heritage";CLU-000009;120+ National Committees, 30+ International Committees;ASSOCIATION;Professional association;;;;;;;
Association for Computing Machinery (ACM);association-for-computing-machinery-acm;;;World's largest educational and scientific computing society;;;;;Membership dues, publications, conferences;1947;;New York City;RANGE_201_1000;;;;;;;;;;;"Universities;IEEE;industry";;"Computing research;journals;conferences;education";CLU-000010;180+ Local Chapters, 800+ Student Chapters;ASSOCIATION;Professional association;;;;;;;
Embassy of the United States in Japan;embassy-of-the-united-states-in-japan;;;;;;;"Visa processing;passport services;citizen assistance;trade promotion;cultural exchange";;1859;;Tokyo;;;;;;Represents the United States in Japan and manages diplomatic, political, economic, and consular relations.;;;;;;;;;EMB-000001;;EMBASSY;;;;;;JP;;
Embassy of Japan in the United States;embassy-of-japan-in-the-united-states;;;;;;;"Visa services;passport renewal;cultural diplomacy;trade and investment support";;1860;;;;;;;;Serves as Japan's primary diplomatic mission in the United States, strengthening bilateral relations.;;;;;;;;;EMB-000002;;EMBASSY;;;;;;US;;
Embassy of the United Kingdom in France;embassy-of-the-united-kingdom-in-france;;;;;;;"Consular assistance;visa information;trade support;political cooperation";;1814;;Paris;;;;;;Represents the United Kingdom in France and provides services to British nationals while promoting UK interests.;;;;;;;;;EMB-000003;;EMBASSY;;;;;;FR;;
Embassy of Germany in Canada;embassy-of-germany-in-canada;;;;;;;"Passport and visa services;cultural programs;economic cooperation;consular assistance";;1951;;;;;;;;Promotes diplomatic, economic, and cultural relations between Germany and Canada.;;;;;;;;;EMB-000004;;EMBASSY;;;;;;CA;;
Embassy of Australia in Indonesia;embassy-of-australia-in-indonesia;;;;;;;"Consular services;visa information;development cooperation;trade and education support";;1950;;;;;;;;Represents Australia in Indonesia and works to strengthen diplomatic, security, and economic partnerships.;;;;;;;;;EMB-000005;;EMBASSY;;;;;;ID;;
U.S. Chamber of Commerce;u-s-chamber-of-commerce;;To advance economic growth and support American businesses.;;;;;"Business advocacy;policy research;networking;training;legal support";;1912;;;;;;;;Represents businesses of all sizes and advocates for pro-business policies in the United States.;;;United States;;;;;;CHA-000001;;CHAMBER_OF_COMMERCE;National Chamber of Commerce;;;;;;;
British Chambers of Commerce (BCC);british-chambers-of-commerce-bcc;;To help businesses grow and influence economic policy.;;;;;"Business networking;export assistance;policy advocacy;training";;1860;;London;;;;;;A network of accredited chambers supporting businesses across the UK and internationally.;;;United Kingdom;;;;;;CHA-000002;;CHAMBER_OF_COMMERCE;National Chamber Network;;;;;;;
Singapore Chinese Chamber of Commerce & Industry (SCCCI);singapore-chinese-chamber-of-commerce-industry-sccci;;To foster business excellence and strengthen commercial ties.;;;;;"Trade promotion;business networking;education;arbitration";;1906;;Singapore;;;;;;Promotes trade, industry, and entrepreneurship while supporting the Singapore business community.;;;Singapore;;;;;;CHA-000003;;CHAMBER_OF_COMMERCE;Chamber of Commerce;;;;;;;
Dubai Chamber of Commerce;dubai-chamber-of-commerce;;To create a favorable business environment and enhance Dubai's global competitiveness.;;;;;"Trade facilitation;business registration support;networking;market intelligence";;1965;;;;;;;;Supports businesses operating in Dubai and promotes international trade and investment.;;;Emirate of Dubai, United Arab Emirates;;;;;;CHA-000004;;CHAMBER_OF_COMMERCE;Chamber of Commerce;;;;;;;
Indian Chamber of Commerce (ICC);indian-chamber-of-commerce-icc;;To strengthen Indian industry and facilitate sustainable economic growth.;;;;;"Business advocacy;conferences;trade promotion;policy consultation";;1925;;;;;;;;One of India's oldest national chambers, promoting industry, commerce, and economic development.;;;India;;;;;;CHA-000005;;CHAMBER_OF_COMMERCE;Chamber of Commerce;;;;;;;
New York City Government;new-york-city-government;;;"Largest municipal government in the U.S.; extensive public services";;;;;Approximately US$112 billion (FY 2025);1898;;New York City;RANGE_5000_PLUS;;;;;Governs New York City's five boroughs and delivers essential public services.;;;;;;"State of New York;federal agencies;nonprofit organizations;private sector";;"Public safety;education;transportation;housing;sanitation;public health;parks";CIT-000001;Police, Fire, Education, Health, Transportation, Parks, Sanitation;CITY_GOVERNMENT;Municipal Government;;;;;;;
The Metropolitan Museum of Art;the-metropolitan-museum-of-art;;;;;;;;;1870;;Paris;RANGE_1001_5000;;;;American, European, Asian, African, Islamic, and ancient art;The world’s largest art museum, famous for masterpieces such as the Mona Lisa and extensive historical collections.;;;;;;;;;MUS-000003;;MUSEUM;;;;;;;;
Tokyo Metropolitan Government;tokyo-metropolitan-government;;;Efficient urban management and disaster preparedness;;;;;Approximately ¥8.5 trillion (FY 2025);1943;;Tokyo;RANGE_5000_PLUS;;;;;Administers Tokyo's 23 special wards, cities, towns, and villages while coordinating regional development.;;;;;;"Government of Japan;local municipalities;universities;businesses";;"Urban planning;disaster management;public transportation;environmental protection;education";CIT-000002;Transportation, Health, Education, Construction, Environment, Finance;CITY_GOVERNMENT;Metropolitan Government;;;;;;;
City of London Corporation;city-of-london-corporation;;;Governance of London's historic financial district;;;;;Approximately £1.8 billion (annual combined spending);1067;;London;RANGE_1001_5000;;;;;Manages the Square Mile, supporting financial services while providing local government functions.;;;;;;"UK Government;financial institutions;cultural organizations";;"Economic development;planning;policing;cultural heritage;markets;public spaces";CIT-000003;Finance, Planning, Markets, Environment, Culture, City Services;CITY_GOVERNMENT;Municipal Government;;;;;;;
City of Sydney Council;city-of-sydney-council;;;Sustainability initiatives and smart city programs;;;;;Approximately A$800 million (annual budget);1842;;Sydney;RANGE_1001_5000;;;;;Governs central Sydney and delivers services for residents, businesses, and visitors.;;;;;;"New South Wales Government;local businesses;community organizations";;"Waste management;urban planning;libraries;parks;sustainability;community development";CIT-000004;Community Services, Planning, Infrastructure, Sustainability, Finance;CITY_GOVERNMENT;Local Government;;;;;;;
City of Toronto Government;city-of-toronto-government;;;North America's fourth-largest city government by population served;;;;;Approximately C$17 billion (annual operating and capital budget);1998;;Toronto;RANGE_5000_PLUS;;;;;Provides municipal services and oversees infrastructure, transit, and community programs across Toronto.;;;;;;"Government of Ontario;Government of Canada;public agencies;nonprofits";;"Public transit;housing;emergency services;recreation;infrastructure;public health";CIT-000005;Public Health, Transit, Housing, Parks, Emergency Services, Finance;CITY_GOVERNMENT;Municipal Government;;;;;;;
Federal Reserve System;federal-reserve-system;;;;;;;;;1913;;;RANGE_5000_PLUS;;;;;The central banking system of the United States responsible for monetary policy, financial stability, and banking supervision.;;;;;;;;;CEN-000001;12 Federal Reserve Banks, Federal Open Market Committee (FOMC), Federal Reserve Board;CENTRAL_BANK;;United States Dollar (USD);;;;US;;
European Central Bank (ECB);european-central-bank-ecb;;;;;;;;;1998;;;RANGE_5000_PLUS;;;;;Manages monetary policy for countries using the euro and supervises significant banks in the Eurozone.;;;;;;;;;CEN-000002;Single Supervisory Mechanism (SSM), European System of Central Banks (ESCB);CENTRAL_BANK;;Euro (EUR);;;;;;
Bank of England;bank-of-england;;;;;;;;Approximately US$7.5 billion (annual operating expenses);1694;;London;RANGE_5000_PLUS;;;;;The UK's central bank responsible for monetary policy, financial stability, and issuance of banknotes in England and Wales.;;;United States;;;;;;CEN-000003;Prudential Regulation Authority (PRA), Monetary Policy Committee (MPC), Financial Policy Committee (FPC);CENTRAL_BANK;;Pound Sterling (GBP);;;;GB;;
Bank of Japan;bank-of-japan;;;;;;;;Approximately €1.3 billion (annual budget);1882;;Tokyo;RANGE_1001_5000;;;;;Oversees Japan's monetary policy, issues currency, and maintains financial system stability.;;;Eurozone;;;;;;CEN-000004;Head Office, 32 Branches, 14 Local Offices;CENTRAL_BANK;;Japanese Yen (JPY);;;;JP;;
Reserve Bank of Australia (RBA);reserve-bank-of-australia-rba;;;;;;;;Approximately £900 million (annual operating budget);1960;;Sydney;RANGE_1001_5000;;;;;Australia's central bank responsible for monetary policy, financial system stability, and issuance of banknotes.;;;United Kingdom;;;;;;CEN-000005;Payments System Board, Note Issue Department, Banking Department;CENTRAL_BANK;;Australian Dollar (AUD);;;;AU;;
Eton College;eton-college;;;;;;;;Approximately ¥250 billion (annual operating budget);1440;;;RANGE_51_200;;;;;One of the world’s most prestigious boarding schools, known for academic excellence, leadership development, and a long history of notable alumni.;;;Japan;;;;;;SEC-000001;;SECONDARY_SCHOOLS;Secondary Education (ages 13–18);;;;;;;
Phillips Exeter Academy;phillips-exeter-academy;;;;;;;;Approximately A$600 million (annual operating budget);1781;;;RANGE_51_200;;;;;A highly selective private boarding school famous for its Harkness teaching method, strong academics, and global student community.;;;Australia;;;;;;SEC-000002;;SECONDARY_SCHOOLS;Secondary Education (grades 9–12);;;;;;;
The Lawrenceville School;the-lawrenceville-school;;;;;;;;;1810;;;RANGE_51_200;;;;;A leading independent boarding school offering rigorous academics, athletics, arts, and leadership programs.;;;;;;;;;SEC-000003;;SECONDARY_SCHOOLS;Secondary Education (grades 9–12);;;;;;;
Harrow School;harrow-school;;;;;;;;;1572;;;RANGE_51_200;;;;;A historic British boarding school recognized for academic achievement, traditions, and development of future leaders.;;;;;;;;;SEC-000004;;SECONDARY_SCHOOLS;Secondary Education (ages 13–18);;;;;;;
United World College of South East Asia;united-world-college-of-south-east-asia;;;;;;;;;1971;;Singapore;RANGE_201_1000;;;;;A large international school offering the International Baccalaureate curriculum with a diverse multicultural student body.;;;;;;;;;SEC-000005;;SECONDARY_SCHOOLS;Secondary Education (ages 13–18);;;;;;;
The British Museum;the-british-museum;;;;;;;;;1753;;;RANGE_201_1000;;;;Ancient Egyptian, Greek, Roman, Asian, African, and Middle Eastern collections;Description;;;;;;;;;MUS-000001;;MUSEUM;;;;;;;;
Smithsonian National Museum of Natural History;smithsonian-national-museum-of-natural-history;;;;;;;;;1910;;New York City;RANGE_201_1000;;;;Fossils, minerals, animals, plants, anthropology collections;A leading global art museum featuring works from ancient civilizations to modern art.;;;;;;;;;MUS-000004;;MUSEUM;;;;;;;;
State Hermitage Museum;state-hermitage-museum;;;;;;;;;1764;;;RANGE_1001_5000;;;;European paintings, Russian art, antiquities, jewelry, archaeology;A major natural history museum known for research, fossils, biodiversity, and scientific collections.;;;;;;;;;MUS-000005;;MUSEUM;;;;;;;;
Mayo Clinic;mayo-clinic;;To inspire hope and contribute to health and well-being by providing excellent care to every patient through integrated clinical practice, education, and research.;;;;;;;1889;;;RANGE_5000_PLUS;;;;;One of the world’s largest museums, containing extensive art and cultural collections from many civilizations.;;;;;;;;;HOS-000001;;HOSPITAL;Nonprofit academic medical center;;;;;;;
Cleveland Clinic;cleveland-clinic;;To provide better care for patients, improve healthcare outcomes, and advance medical knowledge through research and education.;;;;;;~£100 million+ annual operating income;1921;;Rochester;RANGE_5000_PLUS;;;;;A world-renowned healthcare organization known for advanced medical research, specialty care, and patient-centered treatment.;;;;;;;;;HOS-000002;;HOSPITAL;Nonprofit academic medical center;;;;;;;
Johns Hopkins Hospital;johns-hopkins-hospital;;To improve health through patient care, research, and education while advancing medical discovery.;;;;;;~€250 million+ annual budget;1889;;;RANGE_5000_PLUS;;;;;A leading global hospital system recognized for cardiology, surgery, research, and innovative healthcare services.;;;;;;;;;HOS-000003;;HOSPITAL;Teaching hospital and research center;;;;;;;
Massachusetts General Hospital;massachusetts-general-hospital;;To deliver exceptional care, educate future healthcare leaders, and advance science to improve lives.;;;;;;~$300 million+ annual operating budget;1811;;Baltimore;RANGE_5000_PLUS;;;;;A prestigious academic hospital known for groundbreaking research, medical education, and complex patient care.;;;;;;;;;HOS-000004;;HOSPITAL;Academic medical center;;;;;;;
Charité – Universitätsmedizin Berlin;charite-universitatsmedizin-berlin;;To provide outstanding healthcare, conduct innovative research, and educate the next generation of medical professionals.;;;;;;Part of Smithsonian Institution budget (~$1 billion+ total);1710;;Boston;RANGE_5000_PLUS;;;;;One of the oldest and largest hospitals in the United States, recognized for clinical excellence and biomedical research.;;;;;;;;;HOS-000005;;HOSPITAL;University hospital and research institution;;;;;;;
Supreme Court of the United States;supreme-court-of-the-united-states;;;;;;;;Estimated multi-billion ruble annual funding;1789;;;RANGE_1_10;;;;;One of Europe’s largest university hospitals, combining patient care, medical education, and research.;;;United States (federal jurisdiction);;;;;;COU-000001;;COURT;Supreme Court (highest court);Constitutional law, federal law, civil rights, criminal appeals, disputes between states;;;;;;
International Court of Justice;international-court-of-justice;;;;;;;;;1945;;;RANGE_11_50;;;;;The highest court in the United States, responsible for interpreting the Constitution and reviewing decisions from lower courts.;;;United Nations member states;;;;;;COU-000002;;COURT;International court;Disputes between countries, international law, advisory opinions;;;;;;
European Court of Human Rights;european-court-of-human-rights;;;;;;;;;1959;;;RANGE_11_50;;;;;The principal judicial organ of the United Nations that settles legal disputes between states.;;;Council of Europe member states;;;;;;COU-000003;;COURT;Human rights court;Human rights violations, civil liberties, freedom rights cases;;;;;;
Supreme Court of India;supreme-court-of-india;;;;;;;;;1950;;;RANGE_11_50;;;;;A court that ensures member countries respect rights protected under the European Convention on Human Rights.;;;India (national jurisdiction);;;;;;COU-000004;;COURT;Supreme Court (constitutional court);Constitutional matters, appeals, public interest cases, civil and criminal cases;;;;;;
Federal Constitutional Court of Germany;federal-constitutional-court-of-germany;;;;;;;;;1951;;;RANGE_11_50;;;;;The highest judicial authority in India, responsible for protecting the Constitution and resolving major legal disputes.;;;Germany (constitutional jurisdiction);;;;;;COU-000005;;COURT;Constitutional court;Constitutional complaints, government disputes, election laws, fundamental rights cases;;;;;;
Pekamix;pekamix;Public;;Robust ERP solutions for manufacturing industries;;;"Pekamix ERP Suite;Business Analytics Tools";;;2003;;Tokyo;RANGE_11_50;Pekamix Global;;;;;;;;;;;;;COM-000001;5;COMPANY;International Company;;;;;;;
Centers for Medicare & Medicaid Services (CMS);centers-for-medicare-medicaid-services-cms;;;;;;;"Health insurance;reimbursement;quality oversight";US$1.6T+;1977;;Baltimore;RANGE_5000_PLUS;Department of Health and Human Services (HHS);;;;Administers Social Security retirement, disability, and survivor benefits;;;;;;;;;SER-000002;Medicare Program, Medicaid, CHIP, Health Insurance Marketplace, Innovation Center (CMMI);GOVERNMENT;;;;;;;;
Veterans Health Administration (VHA);veterans-health-administration-vha;;;;;;;"Healthcare;mental health;rehabilitation;pharmacy";US$130B+;1946;;;RANGE_5000_PLUS;Department of Veterans Affairs (VA);;;;Coordinates disaster preparedness, response, recovery, and mitigation;;;;;;;;;SER-000006;Veterans Integrated Service Networks (VISNs), VA Medical Centers, Community-Based Outpatient Clinics;GOVERNMENT;;;;;;;;
Federal Emergency Management Agency (FEMA);federal-emergency-management-agency-fema;;;;;;;"Disaster assistance;emergency preparedness;grants";US$30B+ (varies with disasters);1979;;;RANGE_5000_PLUS;Department of Homeland Security (DHS);;;;Processes immigration and naturalization benefits;;;;;;;;;SER-000005;National Flood Insurance Program, Individual Assistance, Public Assistance, Hazard Mitigation Grant Program;GOVERNMENT;;;;;;;;
Operations Directorate;operations-directorate;;;;;;;;US$10B+ (program dependent);1979;;;RANGE_5000_PLUS;Federal Emergency Management Agency (FEMA);;;;Funds engineering research and innovation;;;;;;;;"Disaster response;emergency coordination;logistics;recovery operations";DIR-000007;National Response Coordination Center, Regional Offices, Logistics Management Directorate;GOVERNMENT;;;;;;;;
Federal Aviation Administration (FAA);federal-aviation-administration-faa;;;;;;;"Air traffic control;aviation safety;airport grants";US$20B+;1958;;;RANGE_5000_PLUS;Department of Transportation (DOT);;;;Manages U.S. national parks and historic sites;;;;;;;;;SER-000008;Air Traffic Organization, Aviation Safety, Airports Program, Commercial Space Transportation;GOVERNMENT;;;;;;;;
Internal Revenue Service (IRS);internal-revenue-service-irs;;;;;;;"Tax collection;refunds;taxpayer assistance;enforcement";US$14B+ (operations);1862;;;RANGE_5000_PLUS;Department of the Treasury;;;;Administers Medicare, Medicaid, CHIP, and health insurance marketplace programs;;;;;;;;;SER-000003;Taxpayer Services, Criminal Investigation, Large Business & International, Small Business/Self-Employed;GOVERNMENT;;;;;;;;
U.S. Citizenship and Immigration Services (USCIS);u-s-citizenship-and-immigration-services-uscis;;;;;;;"Immigration benefits;naturalization;asylum;employment authorization";US$5–6B (primarily fee-funded);2003;;;RANGE_5000_PLUS;Department of Homeland Security (DHS);;;;Collects federal taxes and administers the U.S. tax system;;;;;;;;;SER-000004;Refugee Affairs, Asylum Division, Field Operations Directorate, Service Centers;GOVERNMENT;;;;;;;;
