Country Name;Quality of life;Temperatures;Climate;Crime Rate;Income inequality;Work Life Balance;Capital;Main Cities;Population;Currency;Main Industries;Largest Companies;Number of Multinational HQs;Median Salary;Personal Income Tax;Cost of Living;Median Home Price;Average Rent;Interesting Fact;Citizenship Process;Work Permit;Global Competitiveness Index;Level of Globalization;Number of International Students;Number of foreign companies that have office;Number of tourists;Number of Airports;Quality of Primary and Secondary Education;Degree Holders;Number of Colleges and Universities;Top Universities;Ethnic Groups;Languages;Religion;Cultural Values;People description;Serial Number
Malaysia;Very high;21°C to 32°C;High humidity, abundant rainfall and steady temperatures;Low (homicide rates have declined significantly in the past decade);Moderate;Varies by employer and industry, urban centers tend to have a faster pace;Kuala Lumpur;Georgetown, Penang, Malacca, Kota Kinabalu, Ipoh;34.31 million (Foreign Born: 2 Million);Malaysian Ringgit;Electronics Manufacturing, Automotive Manufacturing, Service Sector, Oil and Gas, Palm Oil Production;Maybank, Tenaga Nasional, Tenaga Del, PBBank (Public Bank Bhd), IHH Healthcare;67;$12,600;0–30% (progressive scale);Low to Medium;$65,000;$400/month;The Strait of Malacca has been the site of many treasure shipwrecks.;Requires 10 years of residency.;Relatively easy to obtain, especially in key sectors (e.g., tech, education, manufacturing).;34;Highly globalized;130;5;22.5 million;63;Good;20% Bachelor's, 5% Master's, 1% PhD;434;Universiti Malaya, Universiti Kebangsaan Malaysia, Universiti Putra Malaysia, Universiti Teknologi Malaysia and Universiti Sains Malaysia.;Malays, Chinese, Indian;Malay, Mandarin, English and Tamil;Islam, Buddhism and Christianity;Respect for elders, family, and community, as well as a strong sense of culture.;Malaysian people are typically known for their friendly and welcoming nature, reflecting the diverse multi-ethnic society where different cultures seamlessly blend together.;CTR-000001
Germany;Very high;−2°C to 25°C;Temperate with four seasons, moderate rainfall;Low;Low;Strong separation between work and private life, 35–40 hours/week typical;Berlin;Munich, Hamburg, Frankfurt, Stuttgart, Cologne;83.2 million (Foreign Born: 13 Million);Euro;Automotive, Machinery, Chemicals, Finance, Technology;Volkswagen, Siemens, BMW, BASF, Deutsche Bank;320;$54,000;14–45% (progressive scale);Medium;$340,000;$1,100/month;Home to the world's oldest brewery, Weihenstephan (since 1040);Usually 8 years for non-EU nationals, with integration;Relatively easy for high-skilled workers and EU citizens;3;Very high;400,000;13,000;39 million;45;Excellent;33% Bachelor's, 13% Master's, 2% PhD;400;LMU Munich, Heidelberg, TU Munich, Humboldt University;German, Turkish, Italian, Russian;German;Christianity, Islam, Atheism;Punctuality, efficiency, environmental consciousness, social solidarity;Germans are described as organized, efficient, and respectful of rules, friendly in private.;CTR-000002
Japan;Very high;0°C to 31°C;Humid subtropical, typhoons in summer, snowy winters in the north;Very low (safe society);Moderate;Work hours are long but reforms are improving balance;Tokyo;Osaka, Yokohama, Sapporo, Nagoya, Fukuoka;125.4 million (Foreign Born: 2.8 Million);Japanese Yen;Automotive, Electronics, Robotics, Pharmaceuticals, Tourism;Toyota, Sony, Mitsubishi, SoftBank, Honda;230;$39,000;5–45% (progressive scale);Medium;$310,000;$950/month;Japan has more vending machines per capita than any other country;10 years, with integration and language;Possible, easier for high-skilled;5;Very high;280,000;4,200;31 million;98;Very good;60% Bachelor's, 10% Master's, 2% PhD;778;University of Tokyo, Kyoto University, Osaka University, Tohoku University, Nagoya University;Japanese, Korean, Chinese;Japanese;Shintoism, Buddhism;Politeness, respect for hierarchy, harmony, diligence;Japanese people are known for politeness, group harmony, and dedication.;CTR-000003
France;Very high;3°C to 28°C;Mild, with warm summers, cool winters;Medium (urban pickpocketing, rare violent crime);High;35-hour workweek, high value on leisure and family;Paris;Lyon, Marseille, Toulouse, Bordeaux, Lille;68 million (Foreign Born: 8.6 Million);Euro;Luxury, Automotive, Aerospace, Agriculture, Tourism;L'Oréal, TotalEnergies, BNP Paribas, Airbus, Danone;195;$41,000;0–45% (progressive scale);Medium;$310,000;$1,200/month;France has the most time zones of any country (12);5 years (language test, integration);Point-based for non-EU, easier for EU;15;Very high;370,000;6,200;90 million;82;Excellent;37% Bachelor's, 11% Master's, 2% PhD;380;Sorbonne, Sciences Po, Polytechnique, HEC Paris;French, Arabic, Portuguese, Spanish;French;Catholicism, Islam, Secularism;Liberté, égalité, fraternité, culinary culture, intellectual debate;French people are proud of their culture, direct, and very sociable.;CTR-000004
Canada;Very high;−30°C to 30°C;Cold winters, warm summers, varied by region;Low;Moderate;Work-life balance valued, vacations encouraged;Ottawa;Toronto, Montreal, Vancouver, Calgary, Edmonton;40 million (Foreign Born: 8 Million);Canadian Dollar;Natural Resources, Technology, Finance, Aerospace, Agriculture;Royal Bank of Canada, TD Bank, Enbridge, Shopify, Bombardier;120;$52,600;15–33% (progressive scale);Medium to high;$440,000;$1,200/month;Canada has more lakes than the rest of the world combined;3–5 years residency, point-based system;Relatively easy for skilled workers;15;Very high;640,000;11,000;22 million;518;Excellent;32% Bachelor's, 10% Master's, 2% PhD;225;University of Toronto, McGill, UBC, University of Alberta, University of Waterloo;English, French, Mandarin, Punjabi;Canadian;Christianity, Islam, Hinduism, Secularism;Politeness, multiculturalism, tolerance, social equality;Canadians are known for being polite, welcoming, and valuing diversity.;CTR-000005
Brazil;Medium;20°C to 35°C;Tropical and subtropical, rainy summers, dry winters;Medium to high (varies by region);High;Long hours in some sectors, informal work common;Brasília;São Paulo, Rio de Janeiro, Salvador, Fortaleza, Recife;216.4 million (Foreign Born: 1.2 Million);Brazilian Real;Agriculture, Mining, Energy, Finance, Services, Tourism;Petrobras, Vale, Itaú Unibanco, Bradesco, Ambev;53;$9,000;7.5–27.5% (progressive scale);Low to Medium;$70,000;$450/month;Brazil is home to the largest Japanese community outside Japan;4 years for Mercosur, 4–15 years others;Easier in some sectors, more complex otherwise;57;Moderately globalized;95,000;3,000;6.3 million;101;Varied;19% Bachelor's, 4% Master's, 1% PhD;250;USP, UNICAMP, UFRJ, UFPE, UFMG;Portuguese, Spanish, English;Brazilian;Catholicism, Evangelism, Spiritism, Afro-Brazilian;Warmth, openness, family orientation, improvisation;Brazilians are known for friendliness, creativity, and social energy.;CTR-000006
Australia;Very high;8°C to 32°C;Varies by region: arid, temperate, tropical north;Very low (safe, petty crime in some cities);Low;Flexible work options, outdoor lifestyle valued;Canberra;Sydney, Melbourne, Brisbane, Perth, Adelaide;26.5 million (Foreign Born: 7.7 Million);Australian Dollar;Mining, Education, Finance, Healthcare, Tourism;Commonwealth Bank, BHP, Westpac, ANZ, CSL;73;$59,000;0–45% (progressive scale);High;$690,000;$1,600/month;Australia has more kangaroos than humans;4 years with permanent residency, test and integration;Points-based, easier for skilled workers;19;Very high;430,000;8,800;9.5 million;613;Excellent;36% Bachelor's, 7% Master's, 1% PhD;43;University of Melbourne, University of Sydney, ANU, UNSW, UQ;English, Mandarin, Arabic, Italian;Australian;Christianity, Islam, Buddhism, Secularism;Egalitarianism, outdoor lifestyle, mateship;Australians are friendly, direct, and value humor and equality.;CTR-000007
Singapore;Very high;23°C to 34°C;Tropical rainforest, high humidity, no distinct seasons;Very low (very safe, strict laws);Moderate;High pressure but efficient, flexible hours in tech and finance;Singapore;Singapore;5.9 million (Foreign Born: 2.2 Million);Singapore Dollar;Finance, Shipping, Biotech, IT, Tourism, Manufacturing;DBS, Singtel, Wilmar, UOB, OCBC;37;$70,000;0–22% (progressive scale);High;$1,200,000;$2,400/month;Singapore is the only city-state with its own tropical rainforest reserve;2–7 years based on contributions and integration;Straightforward for professionals and investors;1;Very high;140,000;5,000;19 million;2;Excellent;46% Bachelor's, 17% Master's, 7% PhD;65;NUS, NTU, SMU, SUTD;English, Mandarin, Malay, Tamil;Singaporean;Buddhism, Christianity, Islam, Taoism, Hinduism;Meritocracy, multiculturalism, pragmatism, order;Singaporeans are cosmopolitan, pragmatic, and highly disciplined.;CTR-000008
United States;High;−20°C to 40°C;Diverse: temperate, continental, desert, subtropical, tropical in Hawaii and Florida;Varies by city and region;High;Long hours common, remote and flexible work increasing;Washington, D.C.;New York, Los Angeles, Chicago, Houston, Miami;335 million (Foreign Born: 45 Million);US Dollar;Technology, Finance, Healthcare, Defense, Retail;Apple, Microsoft, Amazon, JPMorgan Chase, ExxonMobil;1,320;$59,000;10–37% (progressive scale);Medium to High;$430,000;$2,200/month;The US is the only country to have landed humans on the moon;5 years permanent residency (Green Card);H-1B system for skilled, other categories exist;2;Very high;950,000;40,000;79 million;13,514;Good;36% Bachelor's, 14% Master's, 2% PhD;5,300;Harvard, MIT, Stanford, Caltech, Yale;English, Spanish, Chinese, Tagalog;American;Christianity, Judaism, Islam, Secularism;Individualism, innovation, freedom, diversity;Americans are known for optimism, openness, and ambition.;CTR-000009
United Arab Emirates;High;14°C to 45°C;Arid desert, hot summers, mild winters;Low (urban areas see property crime);Very high;Work hours tend to be long, weekends are Friday-Saturday;Abu Dhabi;Dubai, Sharjah, Al Ain, Ajman, Ras Al Khaimah;9.5 million (Foreign Born: 8.4 Million);UAE Dirham;Oil and Gas, Real Estate, Tourism, Logistics, Finance;Emirates, Etisalat, DP World, Emaar, First Abu Dhabi Bank;50;$48,000;0–30% (progressive scale, no income tax for many expats);High;$350,000;$1,300/month;About 90 percent of UAE's population are expatriates;30 years for naturalization, rare for non-GCC nationals;Work permit process is straightforward for most professionals;25;Very high;58,000;3,700;16 million;13;Good;25% Bachelor's, 8% Master's, 1% PhD;74;Khalifa University, UAEU, American University of Sharjah, Zayed University;Emirati, Indian, Pakistani, Filipino, British;Arabic, English, Hindi, Urdu;Islam (official), Christianity, Hinduism;Respect, hospitality, business focus, tradition and modernity;People in the UAE are cosmopolitan, ambitious, and welcoming but keep a strong link to tradition.;CTR-000010
South Africa;Medium;5°C to 32°C;Varied: Mediterranean, subtropical, semi-arid;High (petty crime and some violent crime in urban areas);Very high;Work hours are long in some sectors, informal economy significant;Pretoria (executive), Cape Town (legislative), Bloemfontein (judicial);Johannesburg, Cape Town, Durban, Pretoria, Port Elizabeth;60.1 million (Foreign Born: 3.9 Million);South African Rand;Mining, Agriculture, Finance, Tourism, Automotive;Sasol, Shoprite, Naspers, FirstRand, Standard Bank;30;$7,000;18–45% (progressive scale);Low;$70,000;$600/month;South Africa is the only country with three capitals;5 years residency, but difficult for non-Africans;Difficult except for critical skills list jobs;60;Moderately globalized;45,000;1,900;15.7 million;135;Varied;18% Bachelor's, 2% Master's, 0.5% PhD;26;University of Cape Town, Wits, Stellenbosch, Pretoria;Zulu, Xhosa, Afrikaans, English, Tswana;South African;Christianity, Indigenous beliefs, Islam, Hinduism;Ubuntu (humanity to others), diversity, resilience;South Africans are diverse, resilient, and community-oriented, proud of their cultural heritage.;CTR-000011
